Iteration,Heuristic Value,Restarted,Inner Iteration,Time
1,2,0,1,6.0000
2,4,0,2,12.0000
3,6,0,3,18.0000
4,8,0,4,23.0000
5,10,0,5,28.0000
6,12,0,6,34.0000
7,14,0,7,37.0000
8,15,0,8,45.0000
9,17,0,9,51.0000
10,18,0,10,56.0000
11,19,0,11,61.0000
12,20,0,12,67.0000
13,21,0,13,73.0000
14,22,0,14,80.0000
15,23,0,15,85.0000
16,24,0,16,91.0000
17,25,0,17,97.0000
18,26,0,18,103.0000
19,27,0,19,108.0000
20,28,0,20,113.0000
21,29,0,21,116.0000
22,30,0,22,126.0000
23,31,0,23,132.0000
24,32,0,24,138.0000
25,33,0,25,144.0000
26,33,0,26,146.0000
27,33,0,27,156.0000
28,33,0,28,162.0000
29,33,0,29,166.0000
30,2,1,1,174.0000
31,4,1,2,182.0000
32,6,1,3,188.0000
33,8,1,4,194.0000
34,9,1,5,200.0000
35,10,1,6,203.0000
36,11,1,7,210.0000
37,12,1,8,218.0000
38,13,1,9,225.0000
39,14,1,10,231.0000
40,15,1,11,237.0000
41,16,1,12,243.0000
42,18,1,13,250.0000
43,19,1,14,253.0000
44,20,1,15,261.0000
45,22,1,16,267.0000
46,23,1,17,273.0000
47,24,1,18,279.0000
48,25,1,19,285.0000
49,26,1,20,291.0000
50,27,1,21,297.0000
51,28,1,22,303.0000
52,29,1,23,309.0000
53,30,1,24,315.0000
54,31,1,25,321.0000
55,32,1,26,323.0000
56,33,1,27,333.0000
57,34,1,28,333.0000
58,35,1,29,345.0000
59,36,1,30,356.0000
60,37,1,31,361.0000
61,37,1,32,363.0000
62,37,1,33,375.0000
63,37,1,34,381.0000
64,38,1,35,383.0000
65,39,1,36,393.0000
66,39,1,37,393.0000
67,3,2,1,406.0000
68,5,2,2,412.0000
69,7,2,3,413.0000
70,9,2,4,423.0000
71,11,2,5,424.0000
72,13,2,6,434.0000
73,14,2,7,435.0000
74,15,2,8,445.0000
75,16,2,9,446.0000
76,17,2,10,455.0000
77,18,2,11,455.0000
78,19,2,12,467.0000
79,20,2,13,473.0000
80,22,2,14,479.0000
81,23,2,15,483.0000
82,24,2,16,491.0000
83,25,2,17,493.0000
84,26,2,18,502.0000
85,27,2,19,508.0000
86,28,2,20,513.0000
87,29,2,21,513.0000
88,30,2,22,524.0000
89,31,2,23,524.0000
90,33,2,24,533.0000
91,34,2,25,543.0000
92,35,2,26,543.0000
93,36,2,27,553.0000
94,37,2,28,553.0000
95,38,2,29,564.0000
96,39,2,30,573.0000
97,40,2,31,576.0000
98,41,2,32,587.0000
99,42,2,33,593.0000
100,43,2,34,593.0000
101,44,2,35,606.0000
102,44,2,36,612.0000
103,44,2,37,613.0000
104,44,2,38,624.0000
105,44,2,39,631.0000
106,44,2,40,637.0000
107,2,3,1,643.0000
108,4,3,2,645.0000
109,6,3,3,655.0000
110,7,3,4,663.0000
111,8,3,5,667.0000
112,9,3,6,673.0000
113,10,3,7,684.0000
114,12,3,8,690.0000
115,13,3,9,693.0000
116,14,3,10,704.0000
117,15,3,11,710.0000
118,16,3,12,717.0000
119,17,3,13,724.0000
120,18,3,14,731.0000
121,19,3,15,734.0000
122,20,3,16,743.0000
123,21,3,17,750.0000
124,22,3,18,753.0000
125,23,3,19,763.0000
126,24,3,20,768.0000
127,26,3,21,773.0000
128,27,3,22,780.0000
129,28,3,23,783.0000
130,29,3,24,792.0000
131,30,3,25,797.0000
132,31,3,26,803.0000
133,32,3,27,809.0000
134,33,3,28,815.0000
135,34,3,29,821.0000
136,35,3,30,827.0000
137,36,3,31,833.0000
138,37,3,32,838.0000
139,38,3,33,843.0000
140,39,3,34,850.0000
141,40,3,35,856.0000
142,41,3,36,862.0000
143,41,3,37,868.0000
144,2,4,1,875.0000
145,4,4,2,882.0000
146,6,4,3,888.0000
147,8,4,4,894.0000
148,10,4,5,901.0000
149,11,4,6,906.0000
150,12,4,7,914.0000
151,13,4,8,919.0000
152,14,4,9,927.0000
153,16,4,10,933.0000
154,17,4,11,938.0000
155,18,4,12,944.0000
156,20,4,13,946.0000
157,21,4,14,957.0000
158,22,4,15,962.0000
159,23,4,16,964.0000
160,24,4,17,973.0000
161,25,4,18,980.0000
162,26,4,19,985.0000
163,27,4,20,992.0000
164,28,4,21,995.0000
165,29,4,22,1003.0000
166,30,4,23,1009.0000
167,31,4,24,1015.0000
168,32,4,25,1022.0000
169,33,4,26,1028.0000
170,34,4,27,1034.0000
171,35,4,28,1040.0000
172,36,4,29,1046.0000
173,37,4,30,1052.0000
174,38,4,31,1055.0000
175,39,4,32,1064.0000
176,39,4,33,1071.0000
177,2,5,1,1076.0000
178,4,5,2,1084.0000
179,6,5,3,1086.0000
180,8,5,4,1098.0000
181,10,5,5,1104.0000
182,11,5,6,1110.0000
183,12,5,7,1116.0000
184,13,5,8,1119.0000
185,14,5,9,1128.0000
186,15,5,10,1134.0000
187,16,5,11,1140.0000
188,17,5,12,1143.0000
189,18,5,13,1150.0000
190,19,5,14,1153.0000
191,20,5,15,1161.0000
192,21,5,16,1167.0000
193,22,5,17,1174.0000
194,23,5,18,1178.0000
195,24,5,19,1185.0000
196,25,5,20,1190.0000
197,26,5,21,1196.0000
198,27,5,22,1202.0000
199,28,5,23,1208.0000
200,29,5,24,1213.0000
201,30,5,25,1220.0000
202,31,5,26,1226.0000
203,32,5,27,1232.0000
204,33,5,28,1238.0000
205,34,5,29,1244.0000
206,35,5,30,1250.0000
207,36,5,31,1256.0000
208,37,5,32,1262.0000
209,38,5,33,1268.0000
210,39,5,34,1274.0000
211,40,5,35,1280.0000
212,40,5,36,1288.0000
213,2,6,1,1293.0000
214,4,6,2,1301.0000
215,5,6,3,1304.0000
216,6,6,4,1313.0000
217,7,6,5,1317.0000
218,9,6,6,1327.0000
219,10,6,7,1333.0000
220,11,6,8,1340.0000
221,12,6,9,1346.0000
222,14,6,10,1353.0000
223,15,6,11,1360.0000
224,17,6,12,1367.0000
225,18,6,13,1374.0000
226,19,6,14,1380.0000
227,20,6,15,1383.0000
228,21,6,16,1391.0000
229,22,6,17,1402.0000
230,23,6,18,1407.0000
231,24,6,19,1414.0000
232,25,6,20,1421.0000
233,26,6,21,1426.0000
234,27,6,22,1432.0000
235,28,6,23,1438.0000
236,29,6,24,1445.0000
237,30,6,25,1450.0000
238,31,6,26,1456.0000
239,32,6,27,1462.0000
240,33,6,28,1468.0000
241,34,6,29,1474.0000
242,35,6,30,1480.0000
243,36,6,31,1486.0000
244,37,6,32,1492.0000
245,38,6,33,1498.0000
246,39,6,34,1507.0000
247,40,6,35,1513.0000
248,40,6,36,1520.0000
249,3,7,1,1526.0000
250,5,7,2,1533.0000
251,7,7,3,1538.0000
252,8,7,4,1546.0000
253,10,7,5,1553.0000
254,12,7,6,1559.0000
255,13,7,7,1566.0000
256,14,7,8,1571.0000
257,15,7,9,1579.0000
258,16,7,10,1585.0000
259,18,7,11,1592.0000
260,19,7,12,1598.0000
261,20,7,13,1604.0000
262,21,7,14,1611.0000
263,22,7,15,1617.0000
264,23,7,16,1623.0000
265,24,7,17,1629.0000
266,25,7,18,1635.0000
267,26,7,19,1642.0000
268,27,7,20,1648.0000
269,28,7,21,1653.0000
270,29,7,22,1659.0000
271,30,7,23,1663.0000
272,31,7,24,1668.0000
273,32,7,25,1674.0000
274,33,7,26,1683.0000
275,34,7,27,1686.0000
276,35,7,28,1698.0000
277,36,7,29,1705.0000
278,37,7,30,1716.0000
279,38,7,31,1723.0000
280,39,7,32,1735.0000
281,40,7,33,1741.0000
282,41,7,34,1747.0000
283,41,7,35,1755.0000
284,41,7,36,1763.0000
285,41,7,37,1766.0000
286,41,7,38,1773.0000
287,41,7,39,1782.0000
288,2,8,1,1783.0000
289,4,8,2,1796.0000
290,6,8,3,1803.0000
291,8,8,4,1809.0000
292,9,8,5,1816.0000
293,11,8,6,1820.0000
294,13,8,7,1829.0000
295,14,8,8,1834.0000
296,15,8,9,1835.0000
297,16,8,10,1844.0000
298,17,8,11,1848.0000
299,18,8,12,1856.0000
300,19,8,13,1856.0000
301,20,8,14,1868.0000
302,21,8,15,1873.0000
303,22,8,16,1879.0000
304,23,8,17,1884.0000
305,24,8,18,1885.0000
306,25,8,19,1897.0000
307,26,8,20,1904.0000
308,27,8,21,1904.0000
309,28,8,22,1914.0000
310,29,8,23,1923.0000
311,30,8,24,1929.0000
312,32,8,25,1935.0000
313,33,8,26,1941.0000
314,34,8,27,1949.0000
315,35,8,28,1956.0000
316,36,8,29,1962.0000
317,37,8,30,1965.0000
318,38,8,31,1973.0000
319,38,8,32,1973.0000
320,3,9,1,1983.0000
321,5,9,2,1993.0000
322,7,9,3,1993.0000
323,9,9,4,2008.0000
324,10,9,5,2014.0000
325,11,9,6,2020.0000
326,12,9,7,2026.0000
327,14,9,8,2033.0000
328,15,9,9,2037.0000
329,16,9,10,2044.0000
330,17,9,11,2048.0000
331,18,9,12,2056.0000
332,19,9,13,2063.0000
333,20,9,14,2068.0000
334,22,9,15,2073.0000
335,23,9,16,2080.0000
336,24,9,17,2083.0000
337,25,9,18,2093.0000
338,26,9,19,2098.0000
339,27,9,20,2105.0000
340,28,9,21,2113.0000
341,29,9,22,2117.0000
342,30,9,23,2123.0000
343,31,9,24,2132.0000
344,32,9,25,2133.0000
345,33,9,26,2144.0000
346,35,9,27,2145.0000
347,36,9,28,2156.0000
348,37,9,29,2163.0000
349,38,9,30,2165.0000
350,39,9,31,2175.0000
351,40,9,32,2175.0000
352,41,9,33,2188.0000
353,42,9,34,2193.0000
354,43,9,35,2200.0000
355,44,9,36,2207.0000
356,45,9,37,2213.0000
357,45,9,38,2218.0000
358,2,10,1,2226.0000
359,4,10,2,2234.0000
360,6,10,3,2234.0000
361,8,10,4,2248.0000
362,10,10,5,2253.0000
363,12,10,6,2259.0000
364,13,10,7,2263.0000
365,14,10,8,2268.0000
366,15,10,9,2273.0000
367,16,10,10,2282.0000
368,17,10,11,2283.0000
369,18,10,12,2293.0000
370,20,10,13,2300.0000
371,21,10,14,2303.0000
372,22,10,15,2311.0000
373,23,10,16,2313.0000
374,24,10,17,2323.0000
375,25,10,18,2328.0000
376,26,10,19,2335.0000
377,27,10,20,2335.0000
378,28,10,21,2347.0000
379,29,10,22,2353.0000
380,30,10,23,2359.0000
381,31,10,24,2363.0000
382,32,10,25,2373.0000
383,33,10,26,2373.0000
384,34,10,27,2386.0000
385,35,10,28,2386.0000
386,36,10,29,2396.0000
387,37,10,30,2403.0000
388,38,10,31,2411.0000
389,39,10,32,2417.0000
390,39,10,33,2424.0000
391,40,10,34,2426.0000
392,41,10,35,2437.0000
393,42,10,36,2437.0000
394,42,10,37,2449.0000
395,42,10,38,2455.0000
396,4,11,1,2455.0000
397,6,11,2,2468.0000
398,8,11,3,2475.0000
399,10,11,4,2475.0000
400,12,11,5,2486.0000
401,13,11,6,2487.0000
402,14,11,7,2497.0000
403,15,11,8,2498.0000
404,16,11,9,2507.0000
405,17,11,10,2513.0000
406,18,11,11,2517.0000
407,19,11,12,2523.0000
408,20,11,13,2529.0000
409,22,11,14,2533.0000
410,23,11,15,2541.0000
411,24,11,16,2543.0000
412,25,11,17,2553.0000
413,26,11,18,2558.0000
414,27,11,19,2565.0000
415,28,11,20,2570.0000
416,29,11,21,2573.0000
417,30,11,22,2583.0000
418,31,11,23,2590.0000
419,32,11,24,2593.0000
420,33,11,25,2602.0000
421,34,11,26,2604.0000
422,34,11,27,2614.0000
423,35,11,28,2614.0000
424,36,11,29,2626.0000
425,37,11,30,2632.0000
426,38,11,31,2638.0000
427,39,11,32,2644.0000
428,39,11,33,2645.0000
429,2,12,1,2657.0000
430,4,12,2,2663.0000
431,6,12,3,2671.0000
432,8,12,4,2673.0000
433,10,12,5,2682.0000
434,11,12,6,2683.0000
435,13,12,7,2693.0000
436,14,12,8,2698.0000
437,15,12,9,2704.0000
438,16,12,10,2705.0000
439,17,12,11,2715.0000
440,18,12,12,2715.0000
441,19,12,13,2726.0000
442,20,12,14,2727.0000
443,21,12,15,2739.0000
444,22,12,16,2743.0000
445,23,12,17,2750.0000
446,24,12,18,2753.0000
447,25,12,19,2760.0000
448,26,12,20,2763.0000
449,27,12,21,2773.0000
450,28,12,22,2774.0000
451,29,12,23,2786.0000
452,30,12,24,2786.0000
453,31,12,25,2796.0000
454,32,12,26,2803.0000
455,33,12,27,2809.0000
456,34,12,28,2814.0000
457,35,12,29,2821.0000
458,36,12,30,2823.0000
459,37,12,31,2833.0000
460,38,12,32,2833.0000
461,39,12,33,2845.0000
462,40,12,34,2845.0000
463,40,12,35,2857.0000
464,41,12,36,2863.0000
465,41,12,37,2869.0000
466,41,12,38,2873.0000
467,41,12,39,2881.0000
468,41,12,40,2883.0000
469,3,13,1,2895.0000
470,5,13,2,2899.0000
471,7,13,3,2903.0000
472,9,13,4,2914.0000
473,11,13,5,2914.0000
474,12,13,6,2928.0000
475,14,13,7,2933.0000
476,15,13,8,2933.0000
477,16,13,9,2946.0000
478,17,13,10,2952.0000
479,18,13,11,2953.0000
480,19,13,12,2963.0000
481,21,13,13,2970.0000
482,22,13,14,2973.0000
483,23,13,15,2981.0000
484,24,13,16,2983.0000
485,25,13,17,2993.0000
486,26,13,18,2995.0000
487,27,13,19,3005.0000
488,28,13,20,3011.0000
489,29,13,21,3015.0000
490,30,13,22,3023.0000
491,31,13,23,3031.0000
492,32,13,24,3033.0000
493,33,13,25,3043.0000
494,34,13,26,3049.0000
495,35,13,27,3053.0000
496,36,13,28,3062.0000
497,37,13,29,3068.0000
498,38,13,30,3075.0000
499,39,13,31,3079.0000
500,40,13,32,3087.0000
501,41,13,33,3093.0000
502,42,13,34,3093.0000
503,42,13,35,3107.0000
504,3,14,1,3113.0000
505,5,14,2,3121.0000
506,7,14,3,3123.0000
507,9,14,4,3133.0000
508,11,14,5,3134.0000
509,12,14,6,3144.0000
510,13,14,7,3144.0000
511,14,14,8,3154.0000
512,15,14,9,3154.0000
513,16,14,10,3165.0000
514,17,14,11,3170.0000
515,18,14,12,3173.0000
516,19,14,13,3182.0000
517,20,14,14,3183.0000
518,21,14,15,3193.0000
519,22,14,16,3194.0000
520,23,14,17,3205.0000
521,24,14,18,3205.0000
522,26,14,19,3215.0000
523,27,14,20,3215.0000
524,28,14,21,3227.0000
525,29,14,22,3227.0000
526,30,14,23,3239.0000
527,31,14,24,3243.0000
528,32,14,25,3251.0000
529,33,14,26,3253.0000
530,34,14,27,3263.0000
531,35,14,28,3270.0000
532,36,14,29,3275.0000
533,37,14,30,3276.0000
534,38,14,31,3287.0000
535,39,14,32,3294.0000
536,40,14,33,3299.0000
537,40,14,34,3306.0000
538,2,15,1,3312.0000
539,3,15,2,3318.0000
540,4,15,3,3326.0000
541,6,15,4,3333.0000
542,7,15,5,3339.0000
543,8,15,6,3343.0000
544,10,15,7,3351.0000
545,11,15,8,3357.0000
546,12,15,9,3363.0000
547,13,15,10,3367.0000
548,14,15,11,3373.0000
549,16,15,12,3377.0000
550,17,15,13,3386.0000
551,19,15,14,3387.0000
552,20,15,15,3397.0000
553,21,15,16,3397.0000
554,23,15,17,3409.0000
555,24,15,18,3415.0000
556,25,15,19,3415.0000
557,26,15,20,3427.0000
558,27,15,21,3433.0000
559,28,15,22,3433.0000
560,29,15,23,3444.0000
561,30,15,24,3450.0000
562,31,15,25,3453.0000
563,32,15,26,3462.0000
564,33,15,27,3464.0000
565,34,15,28,3474.0000
566,35,15,29,3476.0000
567,36,15,30,3486.0000
568,37,15,31,3493.0000
569,38,15,32,3498.0000
570,39,15,33,3505.0000
571,39,15,34,3506.0000
572,3,16,1,3518.0000
573,5,16,2,3524.0000
574,7,16,3,3530.0000
575,9,16,4,3536.0000
576,10,16,5,3543.0000
577,11,16,6,3549.0000
578,12,16,7,3555.0000
579,14,16,8,3561.0000
580,15,16,9,3567.0000
581,16,16,10,3573.0000
582,17,16,11,3578.0000
583,18,16,12,3584.0000
584,19,16,13,3589.0000
585,20,16,14,3593.0000
586,21,16,15,3600.0000
587,22,16,16,3603.0000
588,23,16,17,3611.0000
589,24,16,18,3616.0000
590,25,16,19,3623.0000
591,26,16,20,3628.0000
592,27,16,21,3634.0000
593,28,16,22,3640.0000
594,29,16,23,3646.0000
595,30,16,24,3649.0000
596,31,16,25,3657.0000
597,32,16,26,3663.0000
598,34,16,27,3669.0000
599,35,16,28,3674.0000
600,36,16,29,3681.0000
601,37,16,30,3683.0000
602,38,16,31,3693.0000
603,39,16,32,3695.0000
604,39,16,33,3705.0000
605,3,17,1,3712.0000
606,5,17,2,3718.0000
607,7,17,3,3725.0000
608,8,17,4,3730.0000
609,9,17,5,3735.0000
610,10,17,6,3738.0000
611,12,17,7,3746.0000
612,13,17,8,3750.0000
613,14,17,9,3757.0000
614,15,17,10,3761.0000
615,16,17,11,3768.0000
616,17,17,12,3773.0000
617,18,17,13,3780.0000
618,19,17,14,3786.0000
619,20,17,15,3791.0000
620,21,17,16,3797.0000
621,23,17,17,3803.0000
622,24,17,18,3809.0000
623,25,17,19,3815.0000
624,26,17,20,3821.0000
625,27,17,21,3827.0000
626,28,17,22,3834.0000
627,29,17,23,3839.0000
628,30,17,24,3846.0000
629,31,17,25,3851.0000
630,32,17,26,3857.0000
631,33,17,27,3863.0000
632,34,17,28,3864.0000
633,35,17,29,3875.0000
634,37,17,30,3877.0000
635,38,17,31,3887.0000
636,39,17,32,3893.0000
637,40,17,33,3900.0000
638,41,17,34,3903.0000
639,42,17,35,3912.0000
640,43,17,36,3919.0000
641,44,17,37,3925.0000
642,45,17,38,3931.0000
643,45,17,39,3938.0000
644,3,18,1,3947.0000
645,5,18,2,3954.0000
646,7,18,3,3962.0000
647,8,18,4,3970.0000
648,9,18,5,3975.0000
649,10,18,6,3985.0000
650,11,18,7,3991.0000
651,12,18,8,3997.0000
652,13,18,9,4003.0000
653,14,18,10,4010.0000
654,15,18,11,4016.0000
655,16,18,12,4022.0000
656,17,18,13,4029.0000
657,18,18,14,4035.0000
658,20,18,15,4041.0000
659,21,18,16,4046.0000
660,22,18,17,4053.0000
661,23,18,18,4060.0000
662,24,18,19,4066.0000
663,25,18,20,4072.0000
664,26,18,21,4077.0000
665,27,18,22,4083.0000
666,28,18,23,4090.0000
667,29,18,24,4095.0000
668,30,18,25,4101.0000
669,31,18,26,4107.0000
670,32,18,27,4113.0000
671,33,18,28,4119.0000
672,35,18,29,4125.0000
673,36,18,30,4131.0000
674,37,18,31,4136.0000
675,38,18,32,4142.0000
676,39,18,33,4149.0000
677,40,18,34,4154.0000
678,41,18,35,4161.0000
679,41,18,36,4166.0000
680,2,19,1,4173.0000
681,4,19,2,4180.0000
682,6,19,3,4186.0000
683,8,19,4,4191.0000
684,9,19,5,4196.0000
685,10,19,6,4200.0000
686,11,19,7,4204.0000
687,12,19,8,4212.0000
688,13,19,9,4218.0000
689,14,19,10,4223.0000
690,15,19,11,4229.0000
691,17,19,12,4235.0000
692,18,19,13,4240.0000
693,20,19,14,4246.0000
694,21,19,15,4247.0000
695,22,19,16,4257.0000
696,23,19,17,4263.0000
697,24,19,18,4269.0000
698,25,19,19,4273.0000
699,26,19,20,4281.0000
700,27,19,21,4283.0000
701,28,19,22,4292.0000
702,29,19,23,4295.0000
703,30,19,24,4303.0000
704,31,19,25,4307.0000
705,33,19,26,4315.0000
706,34,19,27,4322.0000
707,35,19,28,4325.0000
708,36,19,29,4334.0000
709,37,19,30,4340.0000
710,37,19,31,4343.0000
711,3,20,1,4350.0000
712,5,20,2,4358.0000
713,7,20,3,4363.0000
714,9,20,4,4372.0000
715,11,20,5,4374.0000
716,13,20,6,4383.0000
717,15,20,7,4386.0000
718,17,20,8,4393.0000
719,19,20,9,4398.0000
720,20,20,10,4405.0000
721,21,20,11,4410.0000
722,22,20,12,4416.0000
723,23,20,13,4422.0000
724,24,20,14,4428.0000
725,25,20,15,4434.0000
726,26,20,16,4441.0000
727,27,20,17,4447.0000
728,28,20,18,4454.0000
729,29,20,19,4454.0000
730,30,20,20,4465.0000
731,31,20,21,4470.0000
732,32,20,22,4477.0000
733,33,20,23,4483.0000
734,35,20,24,4489.0000
735,36,20,25,4493.0000
736,37,20,26,4502.0000
737,37,20,27,4504.0000
738,37,20,28,4514.0000
739,37,20,29,4514.0000
740,37,20,30,4528.0000
741,37,20,31,4534.0000
742,37,20,32,4541.0000
743,3,21,1,4548.0000
744,5,21,2,4554.0000
745,7,21,3,4562.0000
746,9,21,4,4569.0000
747,10,21,5,4575.0000
748,11,21,6,4581.0000
749,13,21,7,4587.0000
750,14,21,8,4594.0000
751,15,21,9,4599.0000
752,16,21,10,4612.0000
753,18,21,11,4619.0000
754,19,21,12,4629.0000
755,21,21,13,4636.0000
756,23,21,14,4642.0000
757,24,21,15,4648.0000
758,26,21,16,4655.0000
759,28,21,17,4661.0000
760,29,21,18,4668.0000
761,30,21,19,4674.0000
762,31,21,20,4680.0000
763,32,21,21,4683.0000
764,33,21,22,4692.0000
765,34,21,23,4695.0000
766,35,21,24,4704.0000
767,36,21,25,4707.0000
768,37,21,26,4716.0000
769,38,21,27,4720.0000
770,39,21,28,4726.0000
771,40,21,29,4733.0000
772,41,21,30,4740.0000
773,42,21,31,4744.0000
774,43,21,32,4753.0000
775,44,21,33,4757.0000
776,44,21,34,4766.0000
777,2,22,1,4768.0000
778,4,22,2,4779.0000
779,6,22,3,4783.0000
780,7,22,4,4792.0000
781,8,22,5,4799.0000
782,9,22,6,4805.0000
783,11,22,7,4812.0000
784,12,22,8,4818.0000
785,13,22,9,4825.0000
786,14,22,10,4832.0000
787,15,22,11,4838.0000
788,16,22,12,4845.0000
789,17,22,13,4852.0000
790,18,22,14,4858.0000
791,19,22,15,4865.0000
792,20,22,16,4872.0000
793,21,22,17,4878.0000
794,22,22,18,4884.0000
795,23,22,19,4891.0000
796,24,22,20,4896.0000
797,25,22,21,4902.0000
798,26,22,22,4908.0000
799,27,22,23,4914.0000
800,28,22,24,4920.0000
801,29,22,25,4926.0000
802,30,22,26,4932.0000
803,31,22,27,4938.0000
804,32,22,28,4944.0000
805,33,22,29,4950.0000
806,34,22,30,4956.0000
807,35,22,31,4962.0000
808,36,22,32,4968.0000
809,37,22,33,4974.0000
810,38,22,34,4980.0000
811,38,22,35,4986.0000
812,2,23,1,4994.0000
813,4,23,2,5000.0000
814,6,23,3,5004.0000
815,8,23,4,5010.0000
816,9,23,5,5014.0000
817,10,23,6,5021.0000
818,11,23,7,5024.0000
819,12,23,8,5030.0000
820,13,23,9,5036.0000
821,14,23,10,5041.0000
822,15,23,11,5046.0000
823,16,23,12,5050.0000
824,17,23,13,5056.0000
825,18,23,14,5062.0000
826,19,23,15,5067.0000
827,20,23,16,5072.0000
828,21,23,17,5078.0000
829,22,23,18,5083.0000
830,23,23,19,5089.0000
831,24,23,20,5093.0000
832,25,23,21,5100.0000
833,26,23,22,5103.0000
834,27,23,23,5110.0000
835,28,23,24,5114.0000
836,29,23,25,5121.0000
837,30,23,26,5127.0000
838,31,23,27,5132.0000
839,32,23,28,5138.0000
840,33,23,29,5144.0000
841,34,23,30,5149.0000
842,35,23,31,5154.0000
843,36,23,32,5160.0000
844,38,23,33,5166.0000
845,39,23,34,5169.0000
846,39,23,35,5178.0000
847,2,24,1,5184.0000
848,4,24,2,5191.0000
849,6,24,3,5193.0000
850,8,24,4,5205.0000
851,10,24,5,5211.0000
852,12,24,6,5218.0000
853,14,24,7,5224.0000
854,16,24,8,5230.0000
855,18,24,9,5238.0000
856,20,24,10,5243.0000
857,21,24,11,5250.0000
858,22,24,12,5253.0000
859,23,24,13,5260.0000
860,24,24,14,5264.0000
861,25,24,15,5272.0000
862,26,24,16,5274.0000
863,27,24,17,5282.0000
864,28,24,18,5284.0000
865,29,24,19,5294.0000
866,30,24,20,5300.0000
867,31,24,21,5303.0000
868,32,24,22,5311.0000
869,33,24,23,5314.0000
870,34,24,24,5322.0000
871,35,24,25,5327.0000
872,36,24,26,5334.0000
873,36,24,27,5339.0000
874,37,24,28,5346.0000
875,38,24,29,5352.0000
876,38,24,30,5357.0000
877,2,25,1,5364.0000
878,4,25,2,5370.0000
879,6,25,3,5377.0000
880,8,25,4,5384.0000
881,9,25,5,5391.0000
882,11,25,6,5394.0000
883,12,25,7,5403.0000
884,13,25,8,5409.0000
885,14,25,9,5417.0000
886,15,25,10,5423.0000
887,16,25,11,5430.0000
888,18,25,12,5437.0000
889,19,25,13,5442.0000
890,20,25,14,5448.0000
891,21,25,15,5448.0000
892,23,25,16,5459.0000
893,24,25,17,5464.0000
894,25,25,18,5466.0000
895,26,25,19,5475.0000
896,27,25,20,5481.0000
897,29,25,21,5485.0000
898,30,25,22,5492.0000
899,31,25,23,5496.0000
900,32,25,24,5504.0000
901,33,25,25,5510.0000
902,34,25,26,5517.0000
903,35,25,27,5521.0000
904,36,25,28,5529.0000
905,37,25,29,5534.0000
906,38,25,30,5541.0000
907,38,25,31,5545.0000
908,2,26,1,5553.0000
909,4,26,2,5560.0000
910,6,26,3,5564.0000
911,8,26,4,5572.0000
912,10,26,5,5575.0000
913,12,26,6,5585.0000
914,14,26,7,5587.0000
915,16,26,8,5595.0000
916,17,26,9,5599.0000
917,18,26,10,5606.0000
918,19,26,11,5612.0000
919,21,26,12,5617.0000
920,22,26,13,5623.0000
921,23,26,14,5629.0000
922,24,26,15,5634.0000
923,25,26,16,5641.0000
924,26,26,17,5646.0000
925,27,26,18,5648.0000
926,28,26,19,5657.0000
927,29,26,20,5664.0000
928,30,26,21,5669.0000
929,31,26,22,5675.0000
930,32,26,23,5679.0000
931,33,26,24,5687.0000
932,34,26,25,5693.0000
933,35,26,26,5697.0000
934,36,26,27,5705.0000
935,37,26,28,5709.0000
936,38,26,29,5717.0000
937,39,26,30,5721.0000
938,39,26,31,5729.0000
939,2,27,1,5734.0000
940,4,27,2,5744.0000
941,6,27,3,5745.0000
942,7,27,4,5754.0000
943,8,27,5,5757.0000
944,10,27,6,5765.0000
945,12,27,7,5770.0000
946,13,27,8,5776.0000
947,14,27,9,5782.0000
948,15,27,10,5788.0000
949,16,27,11,5794.0000
950,17,27,12,5800.0000
951,18,27,13,5806.0000
952,19,27,14,5812.0000
953,20,27,15,5817.0000
954,21,27,16,5823.0000
955,22,27,17,5829.0000
956,23,27,18,5836.0000
957,24,27,19,5842.0000
958,25,27,20,5848.0000
959,26,27,21,5854.0000
960,28,27,22,5860.0000
961,29,27,23,5866.0000
962,30,27,24,5873.0000
963,31,27,25,5879.0000
964,32,27,26,5886.0000
965,33,27,27,5892.0000
966,34,27,28,5898.0000
967,35,27,29,5904.0000
968,36,27,30,5910.0000
969,37,27,31,5917.0000
970,38,27,32,5923.0000
971,39,27,33,5928.0000
972,40,27,34,5936.0000
973,40,27,35,5938.0000
974,3,28,1,5948.0000
975,5,28,2,5957.0000
976,7,28,3,5965.0000
977,9,28,4,5971.0000
978,11,28,5,5978.0000
979,13,28,6,5982.0000
980,15,28,7,5987.0000
981,16,28,8,5994.0000
982,17,28,9,5999.0000
983,18,28,10,6004.0000
984,19,28,11,6010.0000
985,20,28,12,6015.0000
986,21,28,13,6019.0000
987,22,28,14,6028.0000
988,23,28,15,6033.0000
989,24,28,16,6040.0000
990,25,28,17,6044.0000
991,26,28,18,6051.0000
992,27,28,19,6055.0000
993,28,28,20,6063.0000
994,29,28,21,6067.0000
995,30,28,22,6074.0000
996,31,28,23,6079.0000
997,32,28,24,6087.0000
998,33,28,25,6094.0000
999,34,28,26,6100.0000
1000,35,28,27,6106.0000
1001,36,28,28,6112.0000
1002,37,28,29,6118.0000
1003,38,28,30,6123.0000
1004,39,28,31,6129.0000
1005,39,28,32,6134.0000
1006,40,28,33,6142.0000
1007,40,28,34,6149.0000
1008,40,28,35,6154.0000
1009,41,28,36,6161.0000
1010,42,28,37,6164.0000
1011,42,28,38,6175.0000
1012,43,28,39,6180.0000
1013,43,28,40,6184.0000
1014,43,28,41,6192.0000
1015,43,28,42,6194.0000
1016,5,29,1,6206.0000
1017,7,29,2,6212.0000
1018,9,29,3,6219.0000
1019,10,29,4,6225.0000
1020,12,29,5,6232.0000
1021,13,29,6,6239.0000
1022,14,29,7,6244.0000
1023,15,29,8,6251.0000
1024,16,29,9,6254.0000
1025,17,29,10,6262.0000
1026,18,29,11,6264.0000
1027,19,29,12,6274.0000
1028,20,29,13,6279.0000
1029,21,29,14,6285.0000
1030,22,29,15,6291.0000
1031,23,29,16,6297.0000
1032,24,29,17,6304.0000
1033,25,29,18,6309.0000
1034,26,29,19,6315.0000
1035,27,29,20,6321.0000
1036,28,29,21,6326.0000
1037,30,29,22,6332.0000
1038,31,29,23,6334.0000
1039,32,29,24,6344.0000
1040,33,29,25,6351.0000
1041,34,29,26,6357.0000
1042,35,29,27,6363.0000
1043,36,29,28,6369.0000
1044,37,29,29,6379.0000
1045,38,29,30,6384.0000
1046,39,29,31,6391.0000
1047,39,29,32,6397.0000
1048,3,30,1,6404.0000
1049,5,30,2,6410.0000
1050,7,30,3,6417.0000
1051,9,30,4,6424.0000
1052,11,30,5,6431.0000
1053,12,30,6,6437.0000
1054,13,30,7,6444.0000
1055,15,30,8,6450.0000
1056,16,30,9,6457.0000
1057,17,30,10,6463.0000
1058,18,30,11,6470.0000
1059,19,30,12,6474.0000
1060,20,30,13,6485.0000
1061,21,30,14,6491.0000
1062,22,30,15,6497.0000
1063,24,30,16,6503.0000
1064,25,30,17,6510.0000
1065,26,30,18,6515.0000
1066,27,30,19,6521.0000
1067,28,30,20,6527.0000
1068,29,30,21,6534.0000
1069,30,30,22,6540.0000
1070,31,30,23,6547.0000
1071,32,30,24,6554.0000
1072,33,30,25,6560.0000
1073,34,30,26,6565.0000
1074,35,30,27,6573.0000
1075,35,30,28,6577.0000
1076,35,30,29,6586.0000
1077,2,31,1,6589.0000
1078,4,31,2,6600.0000
1079,6,31,3,6606.0000
1080,7,31,4,6612.0000
1081,8,31,5,6617.0000
1082,9,31,6,6619.0000
1083,10,31,7,6628.0000
1084,11,31,8,6631.0000
1085,12,31,9,6639.0000
1086,13,31,10,6644.0000
1087,14,31,11,6650.0000
1088,15,31,12,6655.0000
1089,17,31,13,6656.0000
1090,19,31,14,6666.0000
1091,20,31,15,6668.0000
1092,21,31,16,6678.0000
1093,22,31,17,6686.0000
1094,23,31,18,6691.0000
1095,24,31,19,6698.0000
1096,25,31,20,6704.0000
1097,27,31,21,6710.0000
1098,28,31,22,6716.0000
1099,29,31,23,6722.0000
1100,30,31,24,6728.0000
1101,31,31,25,6735.0000
1102,32,31,26,6740.0000
1103,33,31,27,6749.0000
1104,34,31,28,6754.0000
1105,35,31,29,6762.0000
1106,36,31,30,6764.0000
1107,37,31,31,6775.0000
1108,37,31,32,6782.0000
1109,2,32,1,6788.0000
1110,4,32,2,6795.0000
1111,6,32,3,6801.0000
1112,8,32,4,6808.0000
1113,10,32,5,6815.0000
1114,12,32,6,6820.0000
1115,14,32,7,6825.0000
1116,16,32,8,6831.0000
1117,17,32,9,6837.0000
1118,18,32,10,6842.0000
1119,19,32,11,6844.0000
1120,20,32,12,6854.0000
1121,21,32,13,6861.0000
1122,22,32,14,6869.0000
1123,23,32,15,6875.0000
1124,24,32,16,6880.0000
1125,25,32,17,6887.0000
1126,26,32,18,6892.0000
1127,27,32,19,6899.0000
1128,28,32,20,6904.0000
1129,29,32,21,6911.0000
1130,31,32,22,6919.0000
1131,32,32,23,6925.0000
1132,33,32,24,6932.0000
1133,34,32,25,6938.0000
1134,35,32,26,6944.0000
1135,36,32,27,6950.0000
1136,37,32,28,6954.0000
1137,37,32,29,6964.0000
1138,3,33,1,6972.0000
1139,5,33,2,6978.0000
1140,7,33,3,6984.0000
1141,9,33,4,6991.0000
1142,11,33,5,6999.0000
1143,13,33,6,7004.0000
1144,15,33,7,7013.0000
1145,16,33,8,7019.0000
1146,17,33,9,7025.0000
1147,18,33,10,7031.0000
1148,19,33,11,7034.0000
1149,20,33,12,7042.0000
1150,21,33,13,7044.0000
1151,23,33,14,7054.0000
1152,24,33,15,7059.0000
1153,25,33,16,7064.0000
1154,26,33,17,7073.0000
1155,27,33,18,7079.0000
1156,28,33,19,7085.0000
1157,29,33,20,7087.0000
1158,30,33,21,7097.0000
1159,31,33,22,7099.0000
1160,32,33,23,7109.0000
1161,33,33,24,7114.0000
1162,34,33,25,7121.0000
1163,35,33,26,7124.0000
1164,36,33,27,7132.0000
1165,37,33,28,7135.0000
1166,37,33,29,7145.0000
1167,37,33,30,7147.0000
1168,37,33,31,7158.0000
1169,37,33,32,7166.0000
1170,37,33,33,7173.0000
1171,37,33,34,7178.0000
1172,3,34,1,7184.0000
1173,5,34,2,7192.0000
1174,7,34,3,7199.0000
1175,9,34,4,7205.0000
1176,11,34,5,7213.0000
1177,13,34,6,7221.0000
1178,14,34,7,7228.0000
1179,15,34,8,7234.0000
1180,17,34,9,7241.0000
1181,18,34,10,7244.0000
1182,20,34,11,7255.0000
1183,22,34,12,7263.0000
1184,23,34,13,7270.0000
1185,24,34,14,7274.0000
1186,25,34,15,7284.0000
1187,26,34,16,7290.0000
1188,27,34,17,7298.0000
1189,28,34,18,7304.0000
1190,29,34,19,7312.0000
1191,30,34,20,7317.0000
1192,31,34,21,7326.0000
1193,32,34,22,7328.0000
1194,33,34,23,7339.0000
1195,34,34,24,7344.0000
1196,35,34,25,7354.0000
1197,36,34,26,7360.0000
1198,37,34,27,7367.0000
1199,38,34,28,7374.0000
1200,39,34,29,7380.0000
1201,40,34,30,7384.0000
1202,41,34,31,7392.0000
1203,41,34,32,7395.0000
1204,41,34,33,7406.0000
1205,41,34,34,7407.0000
1206,41,34,35,7418.0000
1207,5,35,1,7427.0000
1208,7,35,2,7434.0000
1209,9,35,3,7441.0000
1210,11,35,4,7444.0000
1211,12,35,5,7454.0000
1212,13,35,6,7456.0000
1213,14,35,7,7468.0000
1214,15,35,8,7474.0000
1215,16,35,9,7481.0000
1216,17,35,10,7487.0000
1217,18,35,11,7492.0000
1218,19,35,12,7498.0000
1219,20,35,13,7504.0000
1220,22,35,14,7510.0000
1221,23,35,15,7516.0000
1222,24,35,16,7518.0000
1223,25,35,17,7527.0000
1224,26,35,18,7530.0000
1225,27,35,19,7539.0000
1226,28,35,20,7545.0000
1227,29,35,21,7554.0000
1228,30,35,22,7562.0000
1229,31,35,23,7568.0000
1230,32,35,24,7576.0000
1231,33,35,25,7579.0000
1232,34,35,26,7587.0000
1233,35,35,27,7594.0000
1234,36,35,28,7597.0000
1235,37,35,29,7606.0000
1236,38,35,30,7608.0000
1237,38,35,31,7618.0000
1238,38,35,32,7624.0000
1239,38,35,33,7628.0000
1240,39,35,34,7636.0000
1241,39,35,35,7639.0000
1242,2,36,1,7650.0000
1243,4,36,2,7656.0000
1244,6,36,3,7663.0000
1245,8,36,4,7669.0000
1246,10,36,5,7674.0000
1247,12,36,6,7682.0000
1248,13,36,7,7687.0000
1249,14,36,8,7695.0000
1250,16,36,9,7701.0000
1251,18,36,10,7706.0000
1252,19,36,11,7711.0000
1253,20,36,12,7717.0000
1254,21,36,13,7722.0000
1255,22,36,14,7728.0000
1256,23,36,15,7734.0000
1257,25,36,16,7739.0000
1258,26,36,17,7744.0000
1259,27,36,18,7751.0000
1260,28,36,19,7757.0000
1261,29,36,20,7764.0000
1262,30,36,21,7770.0000
1263,31,36,22,7776.0000
1264,32,36,23,7778.0000
1265,33,36,24,7788.0000
1266,34,36,25,7794.0000
1267,35,36,26,7800.0000
1268,36,36,27,7804.0000
1269,37,36,28,7814.0000
1270,38,36,29,7822.0000
1271,39,36,30,7828.0000
1272,40,36,31,7835.0000
1273,41,36,32,7842.0000
1274,42,36,33,7845.0000
1275,43,36,34,7855.0000
1276,43,36,35,7861.0000
1277,43,36,36,7870.0000
1278,43,36,37,7875.0000
1279,43,36,38,7881.0000
1280,43,36,39,7889.0000
1281,43,36,40,7895.0000
1282,43,36,41,7901.0000
1283,43,36,42,7905.0000
1284,43,36,43,7914.0000
1285,2,37,1,7920.0000
1286,3,37,2,7924.0000
1287,4,37,3,7934.0000
1288,5,37,4,7934.0000
1289,6,37,5,7949.0000
1290,7,37,6,7956.0000
1291,8,37,7,7965.0000
1292,10,37,8,7971.0000
1293,11,37,9,7979.0000
1294,12,37,10,7984.0000
1295,13,37,11,7991.0000
1296,15,37,12,7996.0000
1297,16,37,13,8004.0000
1298,17,37,14,8012.0000
1299,18,37,15,8015.0000
1300,19,37,16,8025.0000
1301,21,37,17,8032.0000
1302,22,37,18,8038.0000
1303,23,37,19,8044.0000
1304,24,37,20,8050.0000
1305,25,37,21,8056.0000
1306,26,37,22,8062.0000
1307,27,37,23,8064.0000
1308,28,37,24,8074.0000
1309,29,37,25,8080.0000
1310,30,37,26,8087.0000
1311,31,37,27,8093.0000
1312,32,37,28,8099.0000
1313,33,37,29,8105.0000
1314,34,37,30,8111.0000
1315,35,37,31,8117.0000
1316,36,37,32,8124.0000
1317,37,37,33,8129.0000
1318,38,37,34,8135.0000
1319,39,37,35,8143.0000
1320,40,37,36,8147.0000
1321,40,37,37,8155.0000
1322,4,38,1,8162.0000
1323,6,38,2,8165.0000
1324,8,38,3,8172.0000
1325,10,38,4,8178.0000
1326,12,38,5,8183.0000
1327,13,38,6,8190.0000
1328,14,38,7,8196.0000
1329,15,38,8,8202.0000
1330,16,38,9,8208.0000
1331,17,38,10,8208.0000
1332,18,38,11,8218.0000
1333,19,38,12,8224.0000
1334,20,38,13,8230.0000
1335,22,38,14,8236.0000
1336,23,38,15,8238.0000
1337,24,38,16,8247.0000
1338,25,38,17,8254.0000
1339,26,38,18,8260.0000
1340,27,38,19,8264.0000
1341,28,38,20,8274.0000
1342,29,38,21,8279.0000
1343,30,38,22,8286.0000
1344,31,38,23,8292.0000
1345,32,38,24,8298.0000
1346,33,38,25,8304.0000
1347,34,38,26,8310.0000
1348,35,38,27,8314.0000
1349,36,38,28,8322.0000
1350,37,38,29,8328.0000
1351,38,38,30,8334.0000
1352,39,38,31,8340.0000
1353,40,38,32,8344.0000
1354,41,38,33,8352.0000
1355,42,38,34,8359.0000
1356,42,38,35,8365.0000
1357,42,38,36,8372.0000
1358,42,38,37,8378.0000
1359,42,38,38,8384.0000
1360,42,38,39,8394.0000
1361,42,38,40,8404.0000
1362,42,38,41,8415.0000
1363,42,38,42,8422.0000
1364,42,38,43,8427.0000
1365,2,39,1,8435.0000
1366,4,39,2,8440.0000
1367,6,39,3,8450.0000
1368,8,39,4,8456.0000
1369,10,39,5,8457.0000
1370,12,39,6,8468.0000
1371,13,39,7,8475.0000
1372,14,39,8,8481.0000
1373,15,39,9,8487.0000
1374,16,39,10,8493.0000
1375,18,39,11,8500.0000
1376,19,39,12,8505.0000
1377,20,39,13,8510.0000
1378,21,39,14,8514.0000
1379,22,39,15,8522.0000
1380,23,39,16,8524.0000
1381,24,39,17,8534.0000
1382,25,39,18,8539.0000
1383,26,39,19,8545.0000
1384,27,39,20,8551.0000
1385,28,39,21,8555.0000
1386,29,39,22,8562.0000
1387,30,39,23,8568.0000
1388,31,39,24,8574.0000
1389,32,39,25,8580.0000
1390,33,39,26,8585.0000
1391,34,39,27,8594.0000
1392,35,39,28,8597.0000
1393,35,39,29,8608.0000
1394,2,40,1,8614.0000
1395,4,40,2,8622.0000
1396,5,40,3,8628.0000
1397,6,40,4,8635.0000
1398,8,40,5,8640.0000
1399,10,40,6,8647.0000
1400,11,40,7,8654.0000
1401,12,40,8,8658.0000
1402,14,40,9,8667.0000
1403,15,40,10,8674.0000
1404,16,40,11,8680.0000
1405,17,40,12,8687.0000
1406,18,40,13,8693.0000
1407,19,40,14,8699.0000
1408,20,40,15,8705.0000
1409,21,40,16,8709.0000
1410,22,40,17,8714.0000
1411,24,40,18,8721.0000
1412,25,40,19,8724.0000
1413,26,40,20,8732.0000
1414,27,40,21,8739.0000
1415,29,40,22,8745.0000
1416,30,40,23,8748.0000
1417,31,40,24,8757.0000
1418,32,40,25,8761.0000
1419,33,40,26,8769.0000
1420,34,40,27,8774.0000
1421,35,40,28,8781.0000
1422,36,40,29,8784.0000
1423,37,40,30,8793.0000
1424,38,40,31,8800.0000
1425,38,40,32,8804.0000
1426,4,41,1,8812.0000
1427,6,41,2,8818.0000
1428,7,41,3,8824.0000
1429,8,41,4,8829.0000
1430,10,41,5,8837.0000
1431,12,41,6,8842.0000
1432,13,41,7,8847.0000
1433,14,41,8,8853.0000
1434,15,41,9,8857.0000
1435,16,41,10,8864.0000
1436,17,41,11,8869.0000
1437,18,41,12,8875.0000
1438,19,41,13,8881.0000
1439,20,41,14,8886.0000
1440,21,41,15,8888.0000
1441,22,41,16,8898.0000
1442,23,41,17,8903.0000
1443,24,41,18,8908.0000
1444,25,41,19,8916.0000
1445,26,41,20,8921.0000
1446,27,41,21,8924.0000
1447,28,41,22,8933.0000
1448,29,41,23,8939.0000
1449,30,41,24,8948.0000
1450,31,41,25,8954.0000
1451,32,41,26,8960.0000
1452,33,41,27,8969.0000
1453,34,41,28,8974.0000
1454,35,41,29,8981.0000
1455,36,41,30,8988.0000
1456,36,41,31,8994.0000
1457,37,41,32,9000.0000
1458,38,41,33,9004.0000
1459,38,41,34,9012.0000
1460,38,41,35,9019.0000
1461,4,42,1,9025.0000
1462,6,42,2,9031.0000
1463,8,42,3,9038.0000
1464,9,42,4,9045.0000
1465,10,42,5,9051.0000
1466,11,42,6,9058.0000
1467,13,42,7,9064.0000
1468,14,42,8,9070.0000
1469,16,42,9,9077.0000
1470,17,42,10,9084.0000
1471,18,42,11,9090.0000
1472,19,42,12,9097.0000
1473,20,42,13,9102.0000
1474,21,42,14,9107.0000
1475,22,42,15,9116.0000
1476,23,42,16,9124.0000
1477,24,42,17,9130.0000
1478,25,42,18,9137.0000
1479,26,42,19,9144.0000
1480,27,42,20,9150.0000
1481,28,42,21,9157.0000
1482,29,42,22,9161.0000
1483,30,42,23,9170.0000
1484,31,42,24,9174.0000
1485,32,42,25,9184.0000
1486,34,42,26,9185.0000
1487,35,42,27,9196.0000
1488,36,42,28,9203.0000
1489,36,42,29,9209.0000
1490,5,43,1,9216.0000
1491,7,43,2,9222.0000
1492,9,43,3,9227.0000
1493,11,43,4,9233.0000
1494,12,43,5,9235.0000
1495,13,43,6,9242.0000
1496,14,43,7,9246.0000
1497,15,43,8,9255.0000
1498,17,43,9,9255.0000
1499,18,43,10,9266.0000
1500,19,43,11,9271.0000
1501,20,43,12,9277.0000
1502,21,43,13,9282.0000
1503,23,43,14,9288.0000
1504,24,43,15,9293.0000
1505,25,43,16,9295.0000
1506,27,43,17,9308.0000
1507,28,43,18,9315.0000
1508,29,43,19,9321.0000
1509,30,43,20,9324.0000
1510,32,43,21,9332.0000
1511,33,43,22,9337.0000
1512,34,43,23,9343.0000
1513,35,43,24,9349.0000
1514,36,43,25,9355.0000
1515,37,43,26,9361.0000
1516,38,43,27,9367.0000
1517,39,43,28,9373.0000
1518,40,43,29,9379.0000
1519,41,43,30,9385.0000
1520,42,43,31,9391.0000
1521,43,43,32,9398.0000
1522,44,43,33,9404.0000
1523,45,43,34,9411.0000
1524,45,43,35,9419.0000
1525,45,43,36,9424.0000
1526,45,43,37,9432.0000
1527,45,43,38,9434.0000
1528,45,43,39,9445.0000
1529,45,43,40,9451.0000
1530,45,43,41,9457.0000
1531,45,43,42,9464.0000
1532,45,43,43,9471.0000
1533,45,43,44,9477.0000
1534,3,44,1,9483.0000
1535,5,44,2,9489.0000
1536,7,44,3,9494.0000
1537,9,44,4,9500.0000
1538,11,44,5,9505.0000
1539,13,44,6,9507.0000
1540,14,44,7,9515.0000
1541,15,44,8,9521.0000
1542,16,44,9,9525.0000
1543,17,44,10,9531.0000
1544,18,44,11,9537.0000
1545,19,44,12,9544.0000
1546,20,44,13,9549.0000
1547,21,44,14,9555.0000
1548,22,44,15,9561.0000
1549,23,44,16,9567.0000
1550,24,44,17,9572.0000
1551,25,44,18,9574.0000
1552,26,44,19,9584.0000
1553,27,44,20,9590.0000
1554,28,44,21,9594.0000
1555,29,44,22,9602.0000
1556,31,44,23,9604.0000
1557,32,44,24,9615.0000
1558,34,44,25,9621.0000
1559,35,44,26,9627.0000
1560,36,44,27,9633.0000
1561,37,44,28,9639.0000
1562,38,44,29,9645.0000
1563,39,44,30,9651.0000
1564,40,44,31,9658.0000
1565,41,44,32,9664.0000
1566,42,44,33,9670.0000
1567,43,44,34,9676.0000
1568,44,44,35,9682.0000
1569,45,44,36,9688.0000
1570,46,44,37,9694.0000
1571,46,44,38,9700.0000
1572,46,44,39,9707.0000
1573,46,44,40,9713.0000
1574,46,44,41,9719.0000
1575,46,44,42,9725.0000
1576,46,44,43,9732.0000
1577,46,44,44,9738.0000
1578,46,44,45,9746.0000
1579,46,44,46,9754.0000
1580,46,44,47,9760.0000
1581,46,44,48,9764.0000
1582,46,44,49,9773.0000
1583,46,44,50,9779.0000
1584,46,44,51,9785.0000
1585,46,44,52,9792.0000
1586,46,44,53,9798.0000
1587,46,44,54,9804.0000
1588,46,44,55,9810.0000
1589,46,44,56,9816.0000
1590,46,44,57,9822.0000
1591,2,45,1,9829.0000
1592,4,45,2,9836.0000
1593,6,45,3,9840.0000
1594,8,45,4,9849.0000
1595,10,45,5,9854.0000
1596,12,45,6,9861.0000
1597,13,45,7,9865.0000
1598,14,45,8,9874.0000
1599,15,45,9,9880.0000
1600,17,45,10,9884.0000
1601,18,45,11,9893.0000
1602,19,45,12,9895.0000
1603,20,45,13,9906.0000
1604,21,45,14,9912.0000
1605,22,45,15,9919.0000
1606,23,45,16,9924.0000
1607,24,45,17,9931.0000
1608,25,45,18,9936.0000
1609,26,45,19,9942.0000
1610,27,45,20,9948.0000
1611,28,45,21,9954.0000
1612,29,45,22,9956.0000
1613,30,45,23,9966.0000
1614,31,45,24,9968.0000
1615,32,45,25,9977.0000
1616,33,45,26,9984.0000
1617,34,45,27,9989.0000
1618,35,45,28,9996.0000
1619,36,45,29,10002.0000
1620,37,45,30,10004.0000
1621,38,45,31,10014.0000
1622,38,45,32,10020.0000
1623,2,46,1,10024.0000
1624,4,46,2,10032.0000
1625,6,46,3,10039.0000
1626,8,46,4,10045.0000
1627,10,46,5,10051.0000
1628,12,46,6,10054.0000
1629,13,46,7,10062.0000
1630,14,46,8,10064.0000
1631,15,46,9,10073.0000
1632,16,46,10,10076.0000
1633,17,46,11,10085.0000
1634,18,46,12,10089.0000
1635,20,46,13,10096.0000
1636,21,46,14,10101.0000
1637,22,46,15,10107.0000
1638,23,46,16,10113.0000
1639,24,46,17,10120.0000
1640,25,46,18,10125.0000
1641,26,46,19,10131.0000
1642,27,46,20,10137.0000
1643,28,46,21,10143.0000
1644,29,46,22,10149.0000
1645,30,46,23,10155.0000
1646,31,46,24,10161.0000
1647,32,46,25,10167.0000
1648,33,46,26,10173.0000
1649,34,46,27,10179.0000
1650,35,46,28,10186.0000
1651,36,46,29,10192.0000
1652,36,46,30,10199.0000
1653,36,46,31,10205.0000
1654,36,46,32,10211.0000
1655,37,46,33,10217.0000
1656,38,46,34,10223.0000
1657,39,46,35,10229.0000
1658,40,46,36,10235.0000
1659,40,46,37,10241.0000
1660,3,47,1,10247.0000
1661,5,47,2,10252.0000
1662,7,47,3,10259.0000
1663,9,47,4,10265.0000
1664,11,47,5,10271.0000
1665,13,47,6,10275.0000
1666,15,47,7,10277.0000
1667,17,47,8,10287.0000
1668,18,47,9,10293.0000
1669,19,47,10,10296.0000
1670,21,47,11,10304.0000
1671,23,47,12,10308.0000
1672,24,47,13,10315.0000
1673,25,47,14,10320.0000
1674,26,47,15,10328.0000
1675,27,47,16,10333.0000
1676,28,47,17,10339.0000
1677,29,47,18,10345.0000
1678,31,47,19,10351.0000
1679,32,47,20,10357.0000
1680,33,47,21,10363.0000
1681,34,47,22,10369.0000
1682,35,47,23,10375.0000
1683,36,47,24,10381.0000
1684,37,47,25,10387.0000
1685,38,47,26,10393.0000
1686,39,47,27,10400.0000
1687,40,47,28,10406.0000
1688,41,47,29,10412.0000
1689,41,47,30,10418.0000
1690,42,47,31,10424.0000
1691,42,47,32,10430.0000
1692,42,47,33,10436.0000
1693,42,47,34,10442.0000
1694,42,47,35,10449.0000
1695,42,47,36,10454.0000
1696,42,47,37,10460.0000
1697,3,48,1,10466.0000
1698,5,48,2,10474.0000
1699,7,48,3,10479.0000
1700,9,48,4,10487.0000
1701,10,48,5,10493.0000
1702,11,48,6,10496.0000
1703,12,48,7,10507.0000
1704,14,48,8,10513.0000
1705,15,48,9,10515.0000
1706,16,48,10,10524.0000
1707,17,48,11,10529.0000
1708,18,48,12,10534.0000
1709,19,48,13,10540.0000
1710,20,48,14,10544.0000
1711,21,48,15,10551.0000
1712,22,48,16,10556.0000
1713,23,48,17,10562.0000
1714,24,48,18,10568.0000
1715,25,48,19,10574.0000
1716,26,48,20,10580.0000
1717,27,48,21,10585.0000
1718,28,48,22,10587.0000
1719,29,48,23,10597.0000
1720,31,48,24,10599.0000
1721,32,48,25,10608.0000
1722,33,48,26,10615.0000
1723,34,48,27,10621.0000
1724,35,48,28,10624.0000
1725,36,48,29,10633.0000
1726,37,48,30,10639.0000
1727,38,48,31,10646.0000
1728,39,48,32,10647.0000
1729,40,48,33,10658.0000
1730,41,48,34,10664.0000
1731,42,48,35,10670.0000
1732,42,48,36,10677.0000
1733,5,49,1,10683.0000
1734,7,49,2,10689.0000
1735,9,49,3,10694.0000
1736,11,49,4,10696.0000
1737,13,49,5,10706.0000
1738,14,49,6,10708.0000
1739,15,49,7,10717.0000
1740,16,49,8,10720.0000
1741,18,49,9,10729.0000
1742,19,49,10,10734.0000
1743,20,49,11,10740.0000
1744,21,49,12,10744.0000
1745,22,49,13,10752.0000
1746,23,49,14,10758.0000
1747,24,49,15,10763.0000
1748,25,49,16,10770.0000
1749,26,49,17,10775.0000
1750,27,49,18,10781.0000
1751,28,49,19,10787.0000
1752,29,49,20,10793.0000
1753,30,49,21,10799.0000
1754,31,49,22,10805.0000
1755,32,49,23,10811.0000
1756,33,49,24,10816.0000
1757,34,49,25,10823.0000
1758,35,49,26,10828.0000
1759,36,49,27,10835.0000
1760,37,49,28,10841.0000
1761,38,49,29,10846.0000
1762,38,49,30,10853.0000
1763,38,49,31,10860.0000
1764,38,49,32,10866.0000
1765,38,49,33,10872.0000
1766,38,49,34,10878.0000
1767,38,49,35,10884.0000
1768,3,50,1,10890.0000
1769,5,50,2,10896.0000
1770,7,50,3,10903.0000
1771,9,50,4,10908.0000
1772,11,50,5,10916.0000
1773,12,50,6,10920.0000
1774,13,50,7,10928.0000
1775,14,50,8,10929.0000
1776,15,50,9,10938.0000
1777,16,50,10,10944.0000
1778,18,50,11,10949.0000
1779,19,50,12,10956.0000
1780,20,50,13,10963.0000
1781,21,50,14,10969.0000
1782,22,50,15,10975.0000
1783,23,50,16,10981.0000
1784,24,50,17,10987.0000
1785,25,50,18,10993.0000
1786,26,50,19,10999.0000
1787,27,50,20,11005.0000
1788,28,50,21,11011.0000
1789,29,50,22,11017.0000
1790,30,50,23,11023.0000
1791,31,50,24,11028.0000
1792,32,50,25,11035.0000
1793,33,50,26,11041.0000
1794,34,50,27,11047.0000
1795,36,50,28,11054.0000
1796,37,50,29,11059.0000
1797,38,50,30,11066.0000
1798,39,50,31,11072.0000
1799,40,50,32,11078.0000
1800,41,50,33,11084.0000
1801,42,50,34,11090.0000
1802,42,50,35,11096.0000
1803,42,50,36,11102.0000
1804,42,50,37,11109.0000
1805,3,51,1,11115.0000
1806,5,51,2,11121.0000
1807,7,51,3,11128.0000
1808,9,51,4,11134.0000
1809,10,51,5,11141.0000
1810,12,51,6,11147.0000
1811,13,51,7,11151.0000
1812,14,51,8,11158.0000
1813,15,51,9,11163.0000
1814,16,51,10,11168.0000
1815,17,51,11,11174.0000
1816,19,51,12,11176.0000
1817,20,51,13,11186.0000
1818,21,51,14,11188.0000
1819,22,51,15,11197.0000
1820,23,51,16,11203.0000
1821,24,51,17,11206.0000
1822,25,51,18,11214.0000
1823,26,51,19,11220.0000
1824,28,51,20,11224.0000
1825,30,51,21,11232.0000
1826,31,51,22,11238.0000
1827,32,51,23,11244.0000
1828,33,51,24,11250.0000
1829,34,51,25,11254.0000
1830,35,51,26,11263.0000
1831,36,51,27,11269.0000
1832,37,51,28,11274.0000
1833,38,51,29,11279.0000
1834,38,51,30,11287.0000
1835,2,52,1,11294.0000
1836,4,52,2,11301.0000
1837,6,52,3,11308.0000
1838,8,52,4,11314.0000
1839,10,52,5,11320.0000
1840,12,52,6,11327.0000
1841,13,52,7,11332.0000
1842,14,52,8,11337.0000
1843,15,52,9,11340.0000
1844,16,52,10,11349.0000
1845,17,52,11,11354.0000
1846,18,52,12,11360.0000
1847,19,52,13,11365.0000
1848,20,52,14,11372.0000
1849,21,52,15,11378.0000
1850,22,52,16,11382.0000
1851,23,52,17,11389.0000
1852,24,52,18,11394.0000
1853,25,52,19,11400.0000
1854,26,52,20,11407.0000
1855,28,52,21,11412.0000
1856,29,52,22,11419.0000
1857,30,52,23,11424.0000
1858,31,52,24,11430.0000
1859,32,52,25,11436.0000
1860,33,52,26,11442.0000
1861,34,52,27,11449.0000
1862,35,52,28,11455.0000
1863,36,52,29,11461.0000
1864,37,52,30,11467.0000
1865,37,52,31,11474.0000
1866,3,53,1,11480.0000
1867,5,53,2,11487.0000
1868,7,53,3,11491.0000
1869,9,53,4,11500.0000
1870,11,53,5,11507.0000
1871,12,53,6,11509.0000
1872,13,53,7,11520.0000
1873,14,53,8,11526.0000
1874,15,53,9,11533.0000
1875,16,53,10,11540.0000
1876,17,53,11,11545.0000
1877,18,53,12,11552.0000
1878,20,53,13,11559.0000
1879,21,53,14,11564.0000
1880,22,53,15,11572.0000
1881,23,53,16,11575.0000
1882,24,53,17,11585.0000
1883,25,53,18,11591.0000
1884,26,53,19,11594.0000
1885,27,53,20,11602.0000
1886,29,53,21,11608.0000
1887,31,53,22,11612.0000
1888,32,53,23,11619.0000
1889,33,53,24,11626.0000
1890,34,53,25,11631.0000
1891,35,53,26,11638.0000
1892,36,53,27,11642.0000
1893,37,53,28,11650.0000
1894,38,53,29,11655.0000
1895,39,53,30,11661.0000
1896,39,53,31,11666.0000
1897,39,53,32,11673.0000
1898,3,54,1,11680.0000
1899,5,54,2,11685.0000
1900,7,54,3,11693.0000
1901,9,54,4,11700.0000
1902,11,54,5,11705.0000
1903,13,54,6,11713.0000
1904,14,54,7,11715.0000
1905,15,54,8,11723.0000
1906,17,54,9,11727.0000
1907,18,54,10,11734.0000
1908,19,54,11,11739.0000
1909,20,54,12,11745.0000
1910,21,54,13,11750.0000
1911,22,54,14,11755.0000
1912,24,54,15,11761.0000
1913,25,54,16,11764.0000
1914,27,54,17,11773.0000
1915,28,54,18,11775.0000
1916,29,54,19,11784.0000
1917,30,54,20,11790.0000
1918,31,54,21,11794.0000
1919,32,54,22,11802.0000
1920,33,54,23,11805.0000
1921,34,54,24,11811.0000
1922,35,54,25,11818.0000
1923,36,54,26,11826.0000
1924,37,54,27,11830.0000
1925,38,54,28,11836.0000
1926,39,54,29,11844.0000
1927,39,54,30,11851.0000
1928,40,54,31,11854.0000
1929,40,54,32,11863.0000
1930,41,54,33,11868.0000
1931,41,54,34,11874.0000
1932,41,54,35,11881.0000
1933,41,54,36,11884.0000
1934,41,54,37,11890.0000
1935,2,55,1,11900.0000
1936,4,55,2,11904.0000
1937,6,55,3,11912.0000
1938,8,55,4,11920.0000
1939,9,55,5,11927.0000
1940,10,55,6,11932.0000
1941,11,55,7,11939.0000
1942,12,55,8,11946.0000
1943,13,55,9,11953.0000
1944,15,55,10,11959.0000
1945,16,55,11,11965.0000
1946,17,55,12,11971.0000
1947,18,55,13,11976.0000
1948,19,55,14,11982.0000
1949,20,55,15,11988.0000
1950,21,55,16,11994.0000
1951,22,55,17,12000.0000
1952,23,55,18,12005.0000
1953,25,55,19,12012.0000
1954,26,55,20,12017.0000
1955,27,55,21,12024.0000
1956,28,55,22,12030.0000
1957,29,55,23,12035.0000
1958,30,55,24,12042.0000
1959,31,55,25,12047.0000
1960,32,55,26,12054.0000
1961,33,55,27,12061.0000
1962,34,55,28,12067.0000
1963,35,55,29,12074.0000
1964,36,55,30,12081.0000
1965,37,55,31,12086.0000
1966,38,55,32,12094.0000
1967,39,55,33,12102.0000
1968,40,55,34,12110.0000
1969,40,55,35,12116.0000
1970,3,56,1,12123.0000
1971,5,56,2,12130.0000
1972,6,56,3,12134.0000
1973,8,56,4,12143.0000
1974,9,56,5,12145.0000
1975,10,56,6,12157.0000
1976,11,56,7,12163.0000
1977,12,56,8,12170.0000
1978,13,56,9,12176.0000
1979,14,56,10,12182.0000
1980,15,56,11,12188.0000
1981,16,56,12,12194.0000
1982,17,56,13,12199.0000
1983,18,56,14,12205.0000
1984,19,56,15,12211.0000
1985,20,56,16,12216.0000
1986,21,56,17,12222.0000
1987,22,56,18,12227.0000
1988,23,56,19,12231.0000
1989,25,56,20,12239.0000
1990,26,56,21,12244.0000
1991,27,56,22,12249.0000
1992,28,56,23,12256.0000
1993,29,56,24,12259.0000
1994,30,56,25,12268.0000
1995,31,56,26,12275.0000
1996,32,56,27,12281.0000
1997,33,56,28,12286.0000
1998,34,56,29,12292.0000
1999,35,56,30,12297.0000
2000,36,56,31,12304.0000
2001,37,56,32,12309.0000
2002,38,56,33,12316.0000
2003,39,56,34,12321.0000
2004,40,56,35,12328.0000
2005,41,56,36,12333.0000
2006,42,56,37,12339.0000
2007,43,56,38,12346.0000
2008,43,56,39,12352.0000
2009,4,57,1,12359.0000
2010,6,57,2,12364.0000
2011,8,57,3,12371.0000
2012,10,57,4,12377.0000
2013,11,57,5,12382.0000
2014,12,57,6,12389.0000
2015,13,57,7,12394.0000
2016,14,57,8,12400.0000
2017,16,57,9,12404.0000
2018,17,57,10,12412.0000
2019,19,57,11,12416.0000
2020,20,57,12,12423.0000
2021,21,57,13,12428.0000
2022,22,57,14,12434.0000
2023,23,57,15,12440.0000
2024,25,57,16,12444.0000
2025,26,57,17,12451.0000
2026,27,57,18,12455.0000
2027,29,57,19,12463.0000
2028,30,57,20,12469.0000
2029,31,57,21,12475.0000
2030,32,57,22,12481.0000
2031,33,57,23,12487.0000
2032,34,57,24,12492.0000
2033,35,57,25,12499.0000
2034,36,57,26,12505.0000
2035,37,57,27,12510.0000
2036,38,57,28,12517.0000
2037,39,57,29,12521.0000
2038,40,57,30,12529.0000
2039,41,57,31,12534.0000
2040,42,57,32,12541.0000
2041,42,57,33,12546.0000
2042,42,57,34,12555.0000
2043,42,57,35,12558.0000
2044,42,57,36,12567.0000
2045,42,57,37,12570.0000
2046,3,58,1,12580.0000
2047,5,58,2,12586.0000
2048,6,58,3,12593.0000
2049,8,58,4,12600.0000
2050,10,58,5,12607.0000
2051,11,58,6,12613.0000
2052,12,58,7,12619.0000
2053,13,58,8,12626.0000
2054,14,58,9,12631.0000
2055,15,58,10,12639.0000
2056,16,58,11,12645.0000
2057,17,58,12,12650.0000
2058,18,58,13,12658.0000
2059,19,58,14,12664.0000
2060,20,58,15,12671.0000
2061,21,58,16,12679.0000
2062,22,58,17,12684.0000
2063,23,58,18,12692.0000
2064,24,58,19,12698.0000
2065,25,58,20,12704.0000
2066,26,58,21,12710.0000
2067,27,58,22,12718.0000
2068,28,58,23,12724.0000
2069,29,58,24,12731.0000
2070,30,58,25,12737.0000
2071,31,58,26,12743.0000
2072,32,58,27,12749.0000
2073,33,58,28,12755.0000
2074,34,58,29,12760.0000
2075,35,58,30,12766.0000
2076,36,58,31,12772.0000
2077,36,58,32,12778.0000
2078,5,59,1,12784.0000
2079,7,59,2,12789.0000
2080,9,59,3,12794.0000
2081,11,59,4,12801.0000
2082,13,59,5,12807.0000
2083,15,59,6,12812.0000
2084,17,59,7,12816.0000
2085,19,59,8,12823.0000
2086,20,59,9,12828.0000
2087,21,59,10,12834.0000
2088,22,59,11,12840.0000
2089,23,59,12,12845.0000
2090,24,59,13,12852.0000
2091,25,59,14,12855.0000
2092,26,59,15,12863.0000
2093,27,59,16,12867.0000
2094,28,59,17,12875.0000
2095,29,59,18,12880.0000
2096,30,59,19,12886.0000
2097,31,59,20,12892.0000
2098,32,59,21,12898.0000
2099,33,59,22,12904.0000
2100,34,59,23,12910.0000
2101,35,59,24,12916.0000
2102,36,59,25,12922.0000
2103,37,59,26,12929.0000
2104,38,59,27,12934.0000
2105,38,59,28,12940.0000
2106,38,59,29,12947.0000
2107,38,59,30,12952.0000
2108,38,59,31,12959.0000
2109,38,59,32,12965.0000
2110,38,59,33,12971.0000
2111,38,59,34,12977.0000
2112,2,60,1,12984.0000
2113,4,60,2,12991.0000
2114,6,60,3,12995.0000
2115,8,60,4,13002.0000
2116,10,60,5,13007.0000
2117,12,60,6,13012.0000
2118,14,60,7,13017.0000
2119,16,60,8,13023.0000
2120,18,60,9,13026.0000
2121,19,60,10,13033.0000
2122,20,60,11,13037.0000
2123,21,60,12,13045.0000
2124,22,60,13,13049.0000
2125,23,60,14,13056.0000
2126,24,60,15,13062.0000
2127,25,60,16,13067.0000
2128,26,60,17,13073.0000
2129,28,60,18,13075.0000
2130,29,60,19,13084.0000
2131,30,60,20,13091.0000
2132,31,60,21,13094.0000
2133,32,60,22,13103.0000
2134,33,60,23,13108.0000
2135,34,60,24,13114.0000
2136,35,60,25,13120.0000
2137,36,60,26,13126.0000
2138,37,60,27,13129.0000
2139,38,60,28,13138.0000
2140,38,60,29,13144.0000
2141,38,60,30,13150.0000
2142,38,60,31,13156.0000
2143,38,60,32,13159.0000
2144,38,60,33,13168.0000
2145,38,60,34,13175.0000
2146,39,60,35,13180.0000
2147,40,60,36,13184.0000
2148,40,60,37,13192.0000
2149,2,61,1,13195.0000
2150,4,61,2,13206.0000
2151,6,61,3,13212.0000
2152,8,61,4,13219.0000
2153,10,61,5,13225.0000
2154,12,61,6,13231.0000
2155,14,61,7,13237.0000
2156,16,61,8,13243.0000
2157,18,61,9,13248.0000
2158,20,61,10,13254.0000
2159,21,61,11,13259.0000
2160,22,61,12,13265.0000
2161,23,61,13,13270.0000
2162,24,61,14,13276.0000
2163,25,61,15,13283.0000
2164,26,61,16,13288.0000
2165,27,61,17,13293.0000
2166,28,61,18,13300.0000
2167,29,61,19,13305.0000
2168,30,61,20,13311.0000
2169,31,61,21,13318.0000
2170,32,61,22,13323.0000
2171,33,61,23,13329.0000
2172,34,61,24,13335.0000
2173,35,61,25,13341.0000
2174,36,61,26,13347.0000
2175,37,61,27,13353.0000
2176,38,61,28,13358.0000
2177,38,61,29,13365.0000
2178,3,62,1,13372.0000
2179,5,62,2,13378.0000
2180,7,62,3,13384.0000
2181,9,62,4,13389.0000
2182,11,62,5,13395.0000
2183,13,62,6,13401.0000
2184,15,62,7,13407.0000
2185,17,62,8,13412.0000
2186,18,62,9,13416.0000
2187,19,62,10,13423.0000
2188,20,62,11,13425.0000
2189,22,62,12,13436.0000
2190,23,62,13,13437.0000
2191,24,62,14,13447.0000
2192,25,62,15,13453.0000
2193,26,62,16,13456.0000
2194,27,62,17,13465.0000
2195,28,62,18,13468.0000
2196,29,62,19,13478.0000
2197,30,62,20,13484.0000
2198,31,62,21,13490.0000
2199,32,62,22,13494.0000
2200,33,62,23,13502.0000
2201,34,62,24,13505.0000
2202,35,62,25,13516.0000
2203,36,62,26,13522.0000
2204,37,62,27,13529.0000
2205,37,62,28,13535.0000
2206,37,62,29,13541.0000
2207,3,63,1,13548.0000
2208,5,63,2,13554.0000
2209,7,63,3,13560.0000
2210,9,63,4,13565.0000
2211,11,63,5,13572.0000
2212,12,63,6,13578.0000
2213,13,63,7,13584.0000
2214,15,63,8,13590.0000
2215,16,63,9,13595.0000
2216,17,63,10,13601.0000
2217,18,63,11,13606.0000
2218,19,63,12,13608.0000
2219,20,63,13,13619.0000
2220,21,63,14,13624.0000
2221,22,63,15,13630.0000
2222,23,63,16,13636.0000
2223,24,63,17,13642.0000
2224,25,63,18,13648.0000
2225,26,63,19,13650.0000
2226,27,63,20,13660.0000
2227,28,63,21,13666.0000
2228,29,63,22,13669.0000
2229,30,63,23,13678.0000
2230,31,63,24,13685.0000
2231,32,63,25,13691.0000
2232,33,63,26,13694.0000
2233,34,63,27,13703.0000
2234,35,63,28,13704.0000
2235,36,63,29,13715.0000
2236,37,63,30,13722.0000
2237,38,63,31,13728.0000
2238,39,63,32,13734.0000
2239,40,63,33,13741.0000
2240,40,63,34,13747.0000
2241,3,64,1,13754.0000
2242,5,64,2,13760.0000
2243,7,64,3,13765.0000
2244,9,64,4,13773.0000
2245,11,64,5,13780.0000
2246,12,64,6,13784.0000
2247,13,64,7,13792.0000
2248,14,64,8,13800.0000
2249,15,64,9,13805.0000
2250,16,64,10,13813.0000
2251,17,64,11,13819.0000
2252,18,64,12,13826.0000
2253,19,64,13,13832.0000
2254,20,64,14,13838.0000
2255,21,64,15,13844.0000
2256,22,64,16,13849.0000
2257,23,64,17,13855.0000
2258,24,64,18,13857.0000
2259,26,64,19,13865.0000
2260,27,64,20,13868.0000
2261,28,64,21,13877.0000
2262,29,64,22,13880.0000
2263,30,64,23,13889.0000
2264,31,64,24,13894.0000
2265,32,64,25,13899.0000
2266,33,64,26,13907.0000
2267,34,64,27,13911.0000
2268,35,64,28,13918.0000
2269,36,64,29,13923.0000
2270,37,64,30,13930.0000
2271,38,64,31,13935.0000
2272,39,64,32,13942.0000
2273,39,64,33,13944.0000
2274,39,64,34,13954.0000
2275,39,64,35,13959.0000
2276,39,64,36,13966.0000
2277,39,64,37,13971.0000
2278,40,64,38,13978.0000
2279,41,64,39,13984.0000
2280,41,64,40,13990.0000
2281,3,65,1,13997.0000
2282,5,65,2,14002.0000
2283,7,65,3,14009.0000
2284,9,65,4,14016.0000
2285,10,65,5,14020.0000
2286,12,65,6,14029.0000
2287,14,65,7,14035.0000
2288,16,65,8,14042.0000
2289,17,65,9,14044.0000
2290,18,65,10,14055.0000
2291,19,65,11,14062.0000
2292,20,65,12,14068.0000
2293,21,65,13,14074.0000
2294,22,65,14,14080.0000
2295,23,65,15,14086.0000
2296,25,65,16,14092.0000
2297,26,65,17,14095.0000
2298,27,65,18,14104.0000
2299,28,65,19,14109.0000
2300,29,65,20,14115.0000
2301,30,65,21,14121.0000
2302,31,65,22,14125.0000
2303,32,65,23,14133.0000
2304,33,65,24,14139.0000
2305,34,65,25,14145.0000
2306,35,65,26,14151.0000
2307,35,65,27,14158.0000
2308,3,66,1,14164.0000
2309,5,66,2,14171.0000
2310,7,66,3,14177.0000
2311,8,66,4,14183.0000
2312,10,66,5,14188.0000
2313,11,66,6,14195.0000
2314,12,66,7,14196.0000
2315,14,66,8,14205.0000
2316,15,66,9,14208.0000
2317,16,66,10,14216.0000
2318,17,66,11,14222.0000
2319,18,66,12,14227.0000
2320,19,66,13,14234.0000
2321,21,66,14,14240.0000
2322,22,66,15,14245.0000
2323,23,66,16,14251.0000
2324,24,66,17,14255.0000
2325,25,66,18,14263.0000
2326,26,66,19,14269.0000
2327,27,66,20,14276.0000
2328,29,66,21,14282.0000
2329,30,66,22,14288.0000
2330,31,66,23,14295.0000
2331,32,66,24,14300.0000
2332,33,66,25,14307.0000
2333,34,66,26,14313.0000
2334,35,66,27,14318.0000
2335,36,66,28,14326.0000
2336,37,66,29,14330.0000
2337,38,66,30,14338.0000
2338,39,66,31,14342.0000
2339,40,66,32,14350.0000
2340,41,66,33,14354.0000
2341,42,66,34,14362.0000
2342,43,66,35,14366.0000
2343,43,66,36,14376.0000
2344,44,66,37,14378.0000
2345,44,66,38,14389.0000
2346,2,67,1,14396.0000
2347,4,67,2,14402.0000
2348,6,67,3,14409.0000
2349,8,67,4,14415.0000
2350,10,67,5,14422.0000
2351,12,67,6,14428.0000
2352,13,67,7,14435.0000
2353,14,67,8,14441.0000
2354,16,67,9,14445.0000
2355,17,67,10,14453.0000
2356,18,67,11,14458.0000
2357,19,67,12,14464.0000
2358,21,67,13,14469.0000
2359,22,67,14,14475.0000
2360,23,67,15,14480.0000
2361,24,67,16,14486.0000
2362,25,67,17,14491.0000
2363,26,67,18,14495.0000
2364,27,67,19,14503.0000
2365,28,67,20,14509.0000
2366,29,67,21,14515.0000
2367,30,67,22,14520.0000
2368,31,67,23,14525.0000
2369,32,67,24,14532.0000
2370,33,67,25,14536.0000
2371,35,67,26,14545.0000
2372,36,67,27,14548.0000
2373,37,67,28,14556.0000
2374,37,67,29,14560.0000
2375,38,67,30,14569.0000
2376,38,67,31,14575.0000
2377,38,67,32,14580.0000
2378,2,68,1,14587.0000
2379,4,68,2,14595.0000
2380,6,68,3,14601.0000
2381,8,68,4,14608.0000
2382,10,68,5,14614.0000
2383,12,68,6,14621.0000
2384,14,68,7,14627.0000
2385,16,68,8,14634.0000
2386,18,68,9,14641.0000
2387,20,68,10,14645.0000
2388,22,68,11,14654.0000
2389,23,68,12,14661.0000
2390,24,68,13,14664.0000
2391,25,68,14,14674.0000
2392,26,68,15,14682.0000
2393,27,68,16,14688.0000
2394,28,68,17,14695.0000
2395,29,68,18,14700.0000
2396,30,68,19,14706.0000
2397,31,68,20,14712.0000
2398,32,68,21,14718.0000
2399,33,68,22,14724.0000
2400,34,68,23,14730.0000
2401,35,68,24,14735.0000
2402,36,68,25,14742.0000
2403,37,68,26,14748.0000
2404,38,68,27,14753.0000
2405,38,68,28,14760.0000
2406,39,68,29,14766.0000
2407,39,68,30,14772.0000
2408,39,68,31,14778.0000
2409,39,68,32,14783.0000
2410,39,68,33,14790.0000
2411,39,68,34,14796.0000
2412,39,68,35,14801.0000
2413,39,68,36,14808.0000
2414,39,68,37,14815.0000
2415,39,68,38,14820.0000
2416,40,68,39,14826.0000
2417,40,68,40,14832.0000
2418,2,69,1,14839.0000
2419,4,69,2,14846.0000
2420,5,69,3,14852.0000
2421,6,69,4,14857.0000
2422,7,69,5,14866.0000
2423,9,69,6,14872.0000
2424,10,69,7,14876.0000
2425,12,69,8,14886.0000
2426,14,69,9,14891.0000
2427,15,69,10,14895.0000
2428,16,69,11,14902.0000
2429,17,69,12,14908.0000
2430,18,69,13,14914.0000
2431,19,69,14,14919.0000
2432,20,69,15,14925.0000
2433,21,69,16,14930.0000
2434,22,69,17,14936.0000
2435,23,69,18,14941.0000
2436,24,69,19,14946.0000
2437,25,69,20,14952.0000
2438,26,69,21,14955.0000
2439,27,69,22,14963.0000
2440,28,69,23,14966.0000
2441,29,69,24,14976.0000
2442,30,69,25,14979.0000
2443,31,69,26,14987.0000
2444,32,69,27,14991.0000
2445,33,69,28,14999.0000
2446,34,69,29,15006.0000
2447,35,69,30,15010.0000
2448,36,69,31,15017.0000
2449,37,69,32,15021.0000
2450,38,69,33,15029.0000
2451,39,69,34,15035.0000
2452,39,69,35,15042.0000
2453,2,70,1,15045.0000
2454,4,70,2,15055.0000
2455,6,70,3,15058.0000
2456,8,70,4,15068.0000
2457,9,70,5,15070.0000
2458,10,70,6,15078.0000
2459,12,70,7,15082.0000
2460,14,70,8,15089.0000
2461,15,70,9,15094.0000
2462,17,70,10,15100.0000
2463,18,70,11,15105.0000
2464,19,70,12,15106.0000
2465,20,70,13,15116.0000
2466,21,70,14,15118.0000
2467,22,70,15,15127.0000
2468,23,70,16,15130.0000
2469,25,70,17,15140.0000
2470,26,70,18,15146.0000
2471,27,70,19,15149.0000
2472,28,70,20,15157.0000
2473,29,70,21,15160.0000
2474,30,70,22,15169.0000
2475,31,70,23,15175.0000
2476,32,70,24,15179.0000
2477,33,70,25,15188.0000
2478,34,70,26,15191.0000
2479,35,70,27,15200.0000
2480,36,70,28,15204.0000
2481,37,70,29,15212.0000
2482,38,70,30,15216.0000
2483,38,70,31,15223.0000
2484,38,70,32,15230.0000
2485,39,70,33,15235.0000
2486,39,70,34,15242.0000
2487,3,71,1,15249.0000
2488,5,71,2,15255.0000
2489,7,71,3,15262.0000
2490,8,71,4,15268.0000
2491,9,71,5,15273.0000
2492,11,71,6,15279.0000
2493,12,71,7,15284.0000
2494,13,71,8,15290.0000
2495,14,71,9,15295.0000
2496,15,71,10,15302.0000
2497,16,71,11,15307.0000
2498,17,71,12,15313.0000
2499,18,71,13,15319.0000
2500,19,71,14,15325.0000
2501,20,71,15,15331.0000
2502,22,71,16,15337.0000
2503,23,71,17,15343.0000
2504,25,71,18,15349.0000
2505,26,71,19,15355.0000
2506,27,71,20,15361.0000
2507,28,71,21,15367.0000
2508,29,71,22,15372.0000
2509,30,71,23,15379.0000
2510,31,71,24,15385.0000
2511,32,71,25,15391.0000
2512,33,71,26,15397.0000
2513,34,71,27,15403.0000
2514,35,71,28,15410.0000
2515,36,71,29,15415.0000
2516,37,71,30,15422.0000
2517,38,71,31,15428.0000
2518,38,71,32,15435.0000
2519,2,72,1,15441.0000
2520,4,72,2,15447.0000
2521,6,72,3,15455.0000
2522,8,72,4,15461.0000
2523,10,72,5,15468.0000
2524,12,72,6,15470.0000
2525,13,72,7,15481.0000
2526,14,72,8,15486.0000
2527,15,72,9,15489.0000
2528,16,72,10,15497.0000
2529,17,72,11,15500.0000
2530,18,72,12,15508.0000
2531,19,72,13,15513.0000
2532,20,72,14,15519.0000
2533,21,72,15,15525.0000
2534,22,72,16,15530.0000
2535,23,72,17,15536.0000
2536,24,72,18,15537.0000
2537,25,72,19,15547.0000
2538,26,72,20,15553.0000
2539,27,72,21,15555.0000
2540,28,72,22,15565.0000
2541,29,72,23,15570.0000
2542,30,72,24,15575.0000
2543,31,72,25,15582.0000
2544,32,72,26,15585.0000
2545,33,72,27,15594.0000
2546,34,72,28,15598.0000
2547,35,72,29,15606.0000
2548,36,72,30,15610.0000
2549,37,72,31,15618.0000
2550,38,72,32,15622.0000
2551,39,72,33,15630.0000
2552,40,72,34,15635.0000
2553,41,72,35,15642.0000
2554,41,72,36,15646.0000
2555,42,72,37,15655.0000
2556,42,72,38,15659.0000
2557,42,72,39,15667.0000
2558,42,72,40,15674.0000
2559,42,72,41,15677.0000
2560,42,72,42,15686.0000
2561,42,72,43,15689.0000
2562,42,72,44,15699.0000
2563,42,72,45,15705.0000
2564,5,73,1,15712.0000
2565,7,73,2,15718.0000
2566,9,73,3,15725.0000
2567,11,73,4,15731.0000
2568,13,73,5,15738.0000
2569,15,73,6,15742.0000
2570,16,73,7,15748.0000
2571,17,73,8,15753.0000
2572,18,73,9,15756.0000
2573,19,73,10,15764.0000
2574,20,73,11,15767.0000
2575,21,73,12,15775.0000
2576,22,73,13,15780.0000
2577,23,73,14,15786.0000
2578,24,73,15,15792.0000
2579,25,73,16,15798.0000
2580,26,73,17,15804.0000
2581,27,73,18,15810.0000
2582,28,73,19,15816.0000
2583,29,73,20,15822.0000
2584,30,73,21,15828.0000
2585,31,73,22,15833.0000
2586,32,73,23,15840.0000
2587,33,73,24,15845.0000
2588,34,73,25,15852.0000
2589,35,73,26,15858.0000
2590,36,73,27,15864.0000
2591,37,73,28,15869.0000
2592,37,73,29,15876.0000
2593,38,73,30,15882.0000
2594,38,73,31,15889.0000
2595,2,74,1,15895.0000
2596,4,74,2,15901.0000
2597,6,74,3,15908.0000
2598,7,74,4,15918.0000
2599,8,74,5,15925.0000
2600,9,74,6,15935.0000
2601,10,74,7,15942.0000
2602,12,74,8,15950.0000
2603,13,74,9,15956.0000
2604,14,74,10,15965.0000
2605,15,74,11,15970.0000
2606,16,74,12,15975.0000
2607,18,74,13,15983.0000
2608,20,74,14,15986.0000
2609,21,74,15,15993.0000
2610,22,74,16,15998.0000
2611,24,74,17,16005.0000
2612,26,74,18,16010.0000
2613,27,74,19,16017.0000
2614,28,74,20,16023.0000
2615,29,74,21,16028.0000
2616,30,74,22,16035.0000
2617,31,74,23,16040.0000
2618,32,74,24,16046.0000
2619,33,74,25,16052.0000
2620,34,74,26,16058.0000
2621,35,74,27,16064.0000
2622,36,74,28,16069.0000
2623,37,74,29,16076.0000
2624,37,74,30,16082.0000
2625,2,75,1,16089.0000
2626,4,75,2,16095.0000
2627,6,75,3,16101.0000
2628,7,75,4,16107.0000
2629,9,75,5,16114.0000
2630,10,75,6,16119.0000
2631,12,75,7,16123.0000
2632,13,75,8,16130.0000
2633,14,75,9,16135.0000
2634,15,75,10,16138.0000
2635,17,75,11,16147.0000
2636,18,75,12,16150.0000
2637,19,75,13,16158.0000
2638,21,75,14,16162.0000
2639,22,75,15,16170.0000
2640,23,75,16,16175.0000
2641,24,75,17,16181.0000
2642,25,75,18,16186.0000
2643,26,75,19,16193.0000
2644,27,75,20,16198.0000
2645,28,75,21,16205.0000
2646,29,75,22,16210.0000
2647,30,75,23,16217.0000
2648,31,75,24,16223.0000
2649,32,75,25,16229.0000
2650,33,75,26,16235.0000
2651,34,75,27,16241.0000
2652,35,75,28,16247.0000
2653,36,75,29,16247.0000
2654,37,75,30,16259.0000
2655,38,75,31,16265.0000
2656,39,75,32,16272.0000
2657,40,75,33,16278.0000
2658,41,75,34,16285.0000
2659,41,75,35,16291.0000
2660,3,76,1,16295.0000
2661,5,76,2,16305.0000
2662,7,76,3,16312.0000
2663,9,76,4,16316.0000
2664,11,76,5,16323.0000
2665,13,76,6,16326.0000
2666,14,76,7,16336.0000
2667,15,76,8,16338.0000
2668,16,76,9,16348.0000
2669,18,76,10,16350.0000
2670,19,76,11,16360.0000
2671,20,76,12,16365.0000
2672,21,76,13,16369.0000
2673,22,76,14,16377.0000
2674,23,76,15,16382.0000
2675,24,76,16,16387.0000
2676,25,76,17,16394.0000
2677,26,76,18,16400.0000
2678,27,76,19,16405.0000
2679,28,76,20,16411.0000
2680,29,76,21,16417.0000
2681,30,76,22,16422.0000
2682,31,76,23,16429.0000
2683,32,76,24,16433.0000
2684,33,76,25,16440.0000
2685,34,76,26,16446.0000
2686,35,76,27,16452.0000
2687,36,76,28,16458.0000
2688,37,76,29,16464.0000
2689,38,76,30,16469.0000
2690,39,76,31,16476.0000
2691,40,76,32,16482.0000
2692,40,76,33,16485.0000
2693,40,76,34,16494.0000
2694,40,76,35,16495.0000
2695,40,76,36,16506.0000
2696,40,76,37,16506.0000
2697,40,76,38,16520.0000
2698,40,76,39,16525.0000
2699,40,76,40,16525.0000
2700,3,77,1,16539.0000
2701,5,77,2,16545.0000
2702,6,77,3,16551.0000
2703,8,77,4,16556.0000
2704,10,77,5,16563.0000
2705,12,77,6,16568.0000
2706,13,77,7,16573.0000
2707,14,77,8,16578.0000
2708,15,77,9,16581.0000
2709,16,77,10,16589.0000
2710,17,77,11,16592.0000
2711,18,77,12,16599.0000
2712,19,77,13,16605.0000
2713,20,77,14,16611.0000
2714,21,77,15,16616.0000
2715,22,77,16,16622.0000
2716,23,77,17,16627.0000
2717,24,77,18,16628.0000
2718,25,77,19,16638.0000
2719,26,77,20,16641.0000
2720,27,77,21,16649.0000
2721,28,77,22,16655.0000
2722,29,77,23,16661.0000
2723,30,77,24,16665.0000
2724,31,77,25,16672.0000
2725,32,77,26,16677.0000
2726,33,77,27,16684.0000
2727,34,77,28,16689.0000
2728,35,77,29,16696.0000
2729,36,77,30,16702.0000
2730,37,77,31,16708.0000
2731,38,77,32,16714.0000
2732,39,77,33,16719.0000
2733,40,77,34,16725.0000
2734,40,77,35,16732.0000
2735,2,78,1,16738.0000
2736,4,78,2,16745.0000
2737,6,78,3,16751.0000
2738,8,78,4,16757.0000
2739,9,78,5,16764.0000
2740,10,78,6,16770.0000
2741,11,78,7,16776.0000
2742,12,78,8,16784.0000
2743,14,78,9,16787.0000
2744,15,78,10,16796.0000
2745,16,78,11,16799.0000
2746,17,78,12,16808.0000
2747,18,78,13,16811.0000
2748,20,78,14,16819.0000
2749,21,78,15,16825.0000
2750,22,78,16,16831.0000
2751,23,78,17,16835.0000
2752,24,78,18,16842.0000
2753,25,78,19,16847.0000
2754,26,78,20,16854.0000
2755,27,78,21,16859.0000
2756,28,78,22,16866.0000
2757,29,78,23,16872.0000
2758,30,78,24,16877.0000
2759,31,78,25,16883.0000
2760,32,78,26,16889.0000
2761,33,78,27,16895.0000
2762,34,78,28,16901.0000
2763,35,78,29,16908.0000
2764,36,78,30,16913.0000
2765,37,78,31,16919.0000
2766,38,78,32,16926.0000
2767,39,78,33,16932.0000
2768,39,78,34,16935.0000
2769,3,79,1,16945.0000
2770,5,79,2,16952.0000
2771,7,79,3,16958.0000
2772,9,79,4,16963.0000
2773,11,79,5,16970.0000
2774,12,79,6,16975.0000
2775,13,79,7,16981.0000
2776,14,79,8,16986.0000
2777,15,79,9,16991.0000
2778,17,79,10,16995.0000
2779,18,79,11,17006.0000
2780,19,79,12,17012.0000
2781,20,79,13,17018.0000
2782,21,79,14,17023.0000
2783,22,79,15,17029.0000
2784,23,79,16,17035.0000
2785,24,79,17,17041.0000
2786,25,79,18,17047.0000
2787,26,79,19,17053.0000
2788,27,79,20,17059.0000
2789,28,79,21,17065.0000
2790,29,79,22,17071.0000
2791,30,79,23,17077.0000
2792,31,79,24,17083.0000
2793,32,79,25,17089.0000
2794,33,79,26,17095.0000
2795,34,79,27,17101.0000
2796,35,79,28,17108.0000
2797,36,79,29,17114.0000
2798,37,79,30,17120.0000
2799,38,79,31,17126.0000
2800,38,79,32,17133.0000
2801,38,79,33,17139.0000
2802,38,79,34,17145.0000
2803,4,80,1,17151.0000
2804,6,80,2,17158.0000
2805,8,80,3,17164.0000
2806,10,80,4,17169.0000
2807,12,80,5,17175.0000
2808,14,80,6,17180.0000
2809,16,80,7,17185.0000
2810,17,80,8,17188.0000
2811,18,80,9,17197.0000
2812,20,80,10,17203.0000
2813,21,80,11,17206.0000
2814,23,80,12,17213.0000
2815,24,80,13,17218.0000
2816,25,80,14,17225.0000
2817,26,80,15,17230.0000
2818,27,80,16,17237.0000
2819,28,80,17,17243.0000
2820,29,80,18,17249.0000
2821,30,80,19,17255.0000
2822,31,80,20,17261.0000
2823,32,80,21,17268.0000
2824,33,80,22,17273.0000
2825,34,80,23,17279.0000
2826,35,80,24,17285.0000
2827,36,80,25,17292.0000
2828,37,80,26,17297.0000
2829,38,80,27,17304.0000
2830,39,80,28,17309.0000
2831,40,80,29,17316.0000
2832,41,80,30,17322.0000
2833,41,80,31,17327.0000
2834,42,80,32,17335.0000
2835,42,80,33,17339.0000
2836,42,80,34,17347.0000
2837,42,80,35,17351.0000
2838,42,80,36,17360.0000
2839,42,80,37,17365.0000
2840,43,80,38,17373.0000
2841,43,80,39,17380.0000
2842,3,81,1,17386.0000
2843,5,81,2,17392.0000
2844,7,81,3,17395.0000
2845,9,81,4,17403.0000
2846,10,81,5,17406.0000
2847,11,81,6,17413.0000
2848,12,81,7,17418.0000
2849,13,81,8,17426.0000
2850,14,81,9,17430.0000
2851,15,81,10,17437.0000
2852,16,81,11,17442.0000
2853,17,81,12,17449.0000
2854,18,81,13,17455.0000
2855,19,81,14,17461.0000
2856,20,81,15,17466.0000
2857,21,81,16,17472.0000
2858,22,81,17,17478.0000
2859,23,81,18,17483.0000
2860,24,81,19,17490.0000
2861,25,81,20,17496.0000
2862,26,81,21,17502.0000
2863,27,81,22,17508.0000
2864,28,81,23,17514.0000
2865,29,81,24,17520.0000
2866,31,81,25,17525.0000
2867,32,81,26,17532.0000
2868,33,81,27,17538.0000
2869,34,81,28,17544.0000
2870,35,81,29,17550.0000
2871,36,81,30,17556.0000
2872,37,81,31,17562.0000
2873,38,81,32,17568.0000
2874,38,81,33,17576.0000
2875,2,82,1,17582.0000
2876,4,82,2,17588.0000
2877,6,82,3,17595.0000
2878,8,82,4,17601.0000
2879,9,82,5,17607.0000
2880,10,82,6,17612.0000
2881,11,82,7,17616.0000
2882,13,82,8,17619.0000
2883,14,82,9,17627.0000
2884,15,82,10,17631.0000
2885,16,82,11,17638.0000
2886,17,82,12,17642.0000
2887,18,82,13,17649.0000
2888,19,82,14,17655.0000
2889,20,82,15,17660.0000
2890,21,82,16,17666.0000
2891,22,82,17,17672.0000
2892,23,82,18,17677.0000
2893,24,82,19,17679.0000
2894,25,82,20,17689.0000
2895,26,82,21,17694.0000
2896,27,82,22,17698.0000
2897,29,82,23,17706.0000
2898,30,82,24,17709.0000
2899,31,82,25,17718.0000
2900,32,82,26,17725.0000
2901,33,82,27,17730.0000
2902,34,82,28,17737.0000
2903,35,82,29,17742.0000
2904,36,82,30,17746.0000
2905,37,82,31,17755.0000
2906,38,82,32,17758.0000
2907,39,82,33,17768.0000
2908,40,82,34,17770.0000
2909,41,82,35,17780.0000
2910,42,82,36,17785.0000
2911,43,82,37,17793.0000
